book,chapter,verse,ref,label,note,text
Isaiah,1,2,Isaiah 1:2,prophetic,"opening oracle, divine-speech formula","Hear, O heavens, and give ear, O earth: for the LORD hath spoken, I have nourished and brought up children, and they have rebelled against me."
Isaiah,1,3,Isaiah 1:3,prophetic,"opening oracle, divine-speech formula","The ox knoweth his owner, and the ass his master’s crib: but Israel doth not know, my people doth not consider."
Isaiah,1,4,Isaiah 1:4,prophetic,"opening oracle, divine-speech formula","Ah sinful nation, a people laden with iniquity, a seed of evildoers, children that are corrupters: they have forsaken the LORD, they have provoked the Holy One of Israel unto anger, they are gone away backward."
Isaiah,6,9,Isaiah 6:9,prophetic,call vision,"And he said, Go, and tell this people, Hear ye indeed, but understand not; and see ye indeed, but perceive not."
Isaiah,6,10,Isaiah 6:10,prophetic,call vision,"Make the heart of this people fat, and make their ears heavy, and shut their eyes; lest they see with their eyes, and hear with their ears, and understand with their heart, and convert, and be healed."
Isaiah,6,11,Isaiah 6:11,prophetic,call vision,"Then said I, Lord, how long? And he answered, Until the cities be wasted without inhabitant, and the houses without man, and the land be utterly desolate,"
Isaiah,6,12,Isaiah 6:12,prophetic,call vision,"And the LORD have removed men far away, and there be a great forsaking in the midst of the land."
Isaiah,6,13,Isaiah 6:13,prophetic,call vision,"But yet in it shall be a tenth, and it shall return, and shall be eaten: as a teil tree, and as an oak, whose substance is in them, when they cast their leaves: so the holy seed shall be the substance thereof."
Isaiah,53,1,Isaiah 53:1,prophetic,messianic prophecy,Who hath believed our report? and to whom is the arm of the LORD revealed?
Isaiah,53,2,Isaiah 53:2,prophetic,messianic prophecy,"For he shall grow up before him as a tender plant, and as a root out of a dry ground: he hath no form nor comeliness; and when we shall see him, there is no beauty that we should desire him."
Isaiah,53,3,Isaiah 53:3,prophetic,messianic prophecy,"He is despised and rejected of men; a man of sorrows, and acquainted with grief: and we hid as it were our faces from him; he was despised, and we esteemed him not."
Isaiah,53,4,Isaiah 53:4,prophetic,messianic prophecy,"Surely he hath borne our griefs, and carried our sorrows: yet we did esteem him stricken, smitten of God, and afflicted."
Isaiah,53,5,Isaiah 53:5,prophetic,messianic prophecy,"But he was wounded for our transgressions, he was bruised for our iniquities: the chastisement of our peace was upon him; and with his stripes we are healed."
Isaiah,53,6,Isaiah 53:6,prophetic,messianic prophecy,All we like sheep have gone astray; we have turned every one to his own way; and the LORD hath laid on him the iniquity of us all.
Isaiah,53,7,Isaiah 53:7,prophetic,messianic prophecy,"He was oppressed, and he was afflicted, yet he opened not his mouth: he is brought as a lamb to the slaughter, and as a sheep before her shearers is dumb, so he openeth not his mouth."
Isaiah,53,8,Isaiah 53:8,prophetic,messianic prophecy,He was taken from prison and from judgment: and who shall declare his generation? for he was cut off out of the land of the living: for the transgression of my people was he stricken.
Isaiah,53,9,Isaiah 53:9,prophetic,messianic prophecy,"And he made his grave with the wicked, and with the rich in his death; because he had done no violence, neither was any deceit in his mouth."
Isaiah,53,10,Isaiah 53:10,prophetic,messianic prophecy,"Yet it pleased the LORD to bruise him; he hath put him to grief: when thou shalt make his soul an offering for sin, he shall see his seed, he shall prolong his days, and the pleasure of the LORD shall prosper in his hand."
Isaiah,53,11,Isaiah 53:11,prophetic,messianic prophecy,"He shall see of the travail of his soul, and shall be satisfied: by his knowledge shall my righteous servant justify many; for he shall bear their iniquities."
Isaiah,53,12,Isaiah 53:12,prophetic,messianic prophecy,"Therefore will I divide him a portion with the great, and he shall divide the spoil with the strong; because he hath poured out his soul unto death: and he was numbered with the transgressors; and he bare the sin of many, and made intercession for the transgressors."
Jeremiah,1,4,Jeremiah 1:4,prophetic,"prophetic call, divine speech","Then the word of the LORD came unto me, saying,"
Jeremiah,1,5,Jeremiah 1:5,prophetic,"prophetic call, divine speech","Before I formed thee in the belly I knew thee; and before thou camest forth out of the womb I sanctified thee, and I ordained thee a prophet unto the nations."
Jeremiah,1,6,Jeremiah 1:6,prophetic,"prophetic call, divine speech","Then said I, Ah, Lord GOD! behold, I cannot speak: for I am a child."
Jeremiah,1,7,Jeremiah 1:7,prophetic,"prophetic call, divine speech","But the LORD said unto me, Say not, I am a child: for thou shalt go to all that I shall send thee, and whatsoever I command thee thou shalt speak."
Jeremiah,1,8,Jeremiah 1:8,prophetic,"prophetic call, divine speech","Be not afraid of their faces: for I am with thee to deliver thee, saith the LORD."
Jeremiah,1,9,Jeremiah 1:9,prophetic,"prophetic call, divine speech","Then the LORD put forth his hand, and touched my mouth. And the LORD said unto me, Behold, I have put my words in thy mouth."
Jeremiah,1,10,Jeremiah 1:10,prophetic,"prophetic call, divine speech","See, I have this day set thee over the nations and over the kingdoms, to root out, and to pull down, and to destroy, and to throw down, to build, and to plant."
Jeremiah,7,1,Jeremiah 7:1,prophetic,"temple sermon, 'thus saith the LORD'","The word that came to Jeremiah from the LORD, saying,"
Jeremiah,7,2,Jeremiah 7:2,prophetic,"temple sermon, 'thus saith the LORD'","Stand in the gate of the LORD’s house, and proclaim there this word, and say, Hear the word of the LORD, all ye of Judah, that enter in at these gates to worship the LORD."
Jeremiah,7,3,Jeremiah 7:3,prophetic,"temple sermon, 'thus saith the LORD'","Thus saith the LORD of hosts, the God of Israel, Amend your ways and your doings, and I will cause you to dwell in this place."
Jeremiah,7,4,Jeremiah 7:4,prophetic,"temple sermon, 'thus saith the LORD'","Trust ye not in lying words, saying, The temple of the LORD, The temple of the LORD, The temple of the LORD, are these."
Jeremiah,7,5,Jeremiah 7:5,prophetic,"temple sermon, 'thus saith the LORD'",For if ye throughly amend your ways and your doings; if ye throughly execute judgment between a man and his neighbour;
Jeremiah,7,6,Jeremiah 7:6,prophetic,"temple sermon, 'thus saith the LORD'","If ye oppress not the stranger, the fatherless, and the widow, and shed not innocent blood in this place, neither walk after other gods to your hurt:"
Jeremiah,7,7,Jeremiah 7:7,prophetic,"temple sermon, 'thus saith the LORD'","Then will I cause you to dwell in this place, in the land that I gave to your fathers, for ever and ever."
Jeremiah,7,8,Jeremiah 7:8,prophetic,"temple sermon, 'thus saith the LORD'","Behold, ye trust in lying words, that cannot profit."
Jeremiah,7,9,Jeremiah 7:9,prophetic,"temple sermon, 'thus saith the LORD'","Will ye steal, murder, and commit adultery, and swear falsely, and burn incense unto Baal, and walk after other gods whom ye know not;"
Jeremiah,7,10,Jeremiah 7:10,prophetic,"temple sermon, 'thus saith the LORD'","And come and stand before me in this house, which is called by my name, and say, We are delivered to do all these abominations?"
Jeremiah,7,11,Jeremiah 7:11,prophetic,"temple sermon, 'thus saith the LORD'","Is this house, which is called by my name, become a den of robbers in your eyes? Behold, even I have seen it, saith the LORD."
Ezekiel,2,1,Ezekiel 2:1,prophetic,"call, 'thus saith the Lord GOD'","And he said unto me, Son of man, stand upon thy feet, and I will speak unto thee."
Ezekiel,2,2,Ezekiel 2:2,prophetic,"call, 'thus saith the Lord GOD'","And the spirit entered into me when he spake unto me, and set me upon my feet, that I heard him that spake unto me."
Ezekiel,2,3,Ezekiel 2:3,prophetic,"call, 'thus saith the Lord GOD'","And he said unto me, Son of man, I send thee to the children of Israel, to a rebellious nation that hath rebelled against me: they and their fathers have transgressed against me, even unto this very day."
Ezekiel,2,4,Ezekiel 2:4,prophetic,"call, 'thus saith the Lord GOD'","For they are impudent children and stiffhearted. I do send thee unto them; and thou shalt say unto them, Thus saith the Lord GOD."
Ezekiel,2,5,Ezekiel 2:5,prophetic,"call, 'thus saith the Lord GOD'","And they, whether they will hear, or whether they will forbear, (for they are a rebellious house,) yet shall know that there hath been a prophet among them."
Ezekiel,2,6,Ezekiel 2:6,prophetic,"call, 'thus saith the Lord GOD'","And thou, son of man, be not afraid of them, neither be afraid of their words, though briers and thorns be with thee, and thou dost dwell among scorpions: be not afraid of their words, nor be dismayed at their looks, though they be a rebellious house."
Ezekiel,2,7,Ezekiel 2:7,prophetic,"call, 'thus saith the Lord GOD'","And thou shalt speak my words unto them, whether they will hear, or whether they will forbear: for they are most rebellious."
Ezekiel,37,1,Ezekiel 37:1,prophetic,valley of dry bones oracle,"The hand of the LORD was upon me, and carried me out in the spirit of the LORD, and set me down in the midst of the valley which was full of bones,"
Ezekiel,37,2,Ezekiel 37:2,prophetic,valley of dry bones oracle,"And caused me to pass by them round about: and, behold, there were very many in the open valley; and, lo, they were very dry."
Ezekiel,37,3,Ezekiel 37:3,prophetic,valley of dry bones oracle,"And he said unto me, Son of man, can these bones live? And I answered, O Lord GOD, thou knowest."
Ezekiel,37,4,Ezekiel 37:4,prophetic,valley of dry bones oracle,"Again he said unto me, Prophesy upon these bones, and say unto them, O ye dry bones, hear the word of the LORD."
Ezekiel,37,5,Ezekiel 37:5,prophetic,valley of dry bones oracle,"Thus saith the Lord GOD unto these bones; Behold, I will cause breath to enter into you, and ye shall live:"
Ezekiel,37,6,Ezekiel 37:6,prophetic,valley of dry bones oracle,"And I will lay sinews upon you, and will bring up flesh upon you, and cover you with skin, and put breath in you, and ye shall live; and ye shall know that I am the LORD."
Ezekiel,37,7,Ezekiel 37:7,prophetic,valley of dry bones oracle,"So I prophesied as I was commanded: and as I prophesied, there was a noise, and behold a shaking, and the bones came together, bone to his bone."
Ezekiel,37,8,Ezekiel 37:8,prophetic,valley of dry bones oracle,"And when I beheld, lo, the sinews and the flesh came up upon them, and the skin covered them above: but there was no breath in them."
Ezekiel,37,9,Ezekiel 37:9,prophetic,valley of dry bones oracle,"Then said he unto me, Prophesy unto the wind, prophesy, son of man, and say to the wind, Thus saith the Lord GOD; Come from the four winds, O breath, and breathe upon these slain, that they may live."
Ezekiel,37,10,Ezekiel 37:10,prophetic,valley of dry bones oracle,"So I prophesied as he commanded me, and the breath came into them, and they lived, and stood up upon their feet, an exceeding great army."
Ezekiel,37,11,Ezekiel 37:11,prophetic,valley of dry bones oracle,"Then he said unto me, Son of man, these bones are the whole house of Israel: behold, they say, Our bones are dried, and our hope is lost: we are cut off for our parts."
Ezekiel,37,12,Ezekiel 37:12,prophetic,valley of dry bones oracle,"Therefore prophesy and say unto them, Thus saith the Lord GOD; Behold, O my people, I will open your graves, and cause you to come up out of your graves, and bring you into the land of Israel."
Ezekiel,37,13,Ezekiel 37:13,prophetic,valley of dry bones oracle,"And ye shall know that I am the LORD, when I have opened your graves, O my people, and brought you up out of your graves,"
Ezekiel,37,14,Ezekiel 37:14,prophetic,valley of dry bones oracle,"And shall put my spirit in you, and ye shall live, and I shall place you in your own land: then shall ye know that I the LORD have spoken it, and performed it, saith the LORD."
Amos,1,3,Amos 1:3,prophetic,'for three transgressions' judgment oracle,"Thus saith the LORD; For three transgressions of Damascus, and for four, I will not turn away the punishment thereof; because they have threshed Gilead with threshing instruments of iron:"
Amos,1,4,Amos 1:4,prophetic,'for three transgressions' judgment oracle,"But I will send a fire into the house of Hazael, which shall devour the palaces of Benhadad."
Amos,1,5,Amos 1:5,prophetic,'for three transgressions' judgment oracle,"I will break also the bar of Damascus, and cut off the inhabitant from the plain of Aven, and him that holdeth the sceptre from the house of Eden: and the people of Syria shall go into captivity unto Kir, saith the LORD."
Micah,5,2,Micah 5:2,prophetic,messianic prophecy (Bethlehem),"But thou, Bethlehem Ephratah, though thou be little among the thousands of Judah, yet out of thee shall he come forth unto me that is to be ruler in Israel; whose goings forth have been from of old, from everlasting."
Micah,5,3,Micah 5:3,prophetic,messianic prophecy (Bethlehem),"Therefore will he give them up, until the time that she which travaileth hath brought forth: then the remnant of his brethren shall return unto the children of Israel."
Micah,5,4,Micah 5:4,prophetic,messianic prophecy (Bethlehem),"And he shall stand and feed in the strength of the LORD, in the majesty of the name of the LORD his God; and they shall abide: for now shall he be great unto the ends of the earth."
Joel,2,28,Joel 2:28,prophetic,'I will pour out my spirit' oracle,"And it shall come to pass afterward, that I will pour out my spirit upon all flesh; and your sons and your daughters shall prophesy, your old men shall dream dreams, your young men shall see visions:"
Joel,2,29,Joel 2:29,prophetic,'I will pour out my spirit' oracle,And also upon the servants and upon the handmaids in those days will I pour out my spirit.
Joel,2,30,Joel 2:30,prophetic,'I will pour out my spirit' oracle,"And I will shew wonders in the heavens and in the earth, blood, and fire, and pillars of smoke."
Joel,2,31,Joel 2:31,prophetic,'I will pour out my spirit' oracle,"The sun shall be turned into darkness, and the moon into blood, before the great and the terrible day of the LORD come."
Joel,2,32,Joel 2:32,prophetic,'I will pour out my spirit' oracle,"And it shall come to pass, that whosoever shall call on the name of the LORD shall be delivered: for in mount Zion and in Jerusalem shall be deliverance, as the LORD hath said, and in the remnant whom the LORD shall call."
Zephaniah,1,14,Zephaniah 1:14,prophetic,day-of-the-LORD oracle,"The great day of the LORD is near, it is near, and hasteth greatly, even the voice of the day of the LORD: the mighty man shall cry there bitterly."
Zephaniah,1,15,Zephaniah 1:15,prophetic,day-of-the-LORD oracle,"That day is a day of wrath, a day of trouble and distress, a day of wasteness and desolation, a day of darkness and gloominess, a day of clouds and thick darkness,"
Zephaniah,1,16,Zephaniah 1:16,prophetic,day-of-the-LORD oracle,"A day of the trumpet and alarm against the fenced cities, and against the high towers."
Zephaniah,1,17,Zephaniah 1:17,prophetic,day-of-the-LORD oracle,"And I will bring distress upon men, that they shall walk like blind men, because they have sinned against the LORD: and their blood shall be poured out as dust, and their flesh as the dung."
Zephaniah,1,18,Zephaniah 1:18,prophetic,day-of-the-LORD oracle,Neither their silver nor their gold shall be able to deliver them in the day of the LORD’s wrath; but the whole land shall be devoured by the fire of his jealousy: for he shall make even a speedy riddance of all them that dwell in the land.
Habakkuk,2,2,Habakkuk 2:2,prophetic,'write the vision' oracle,"And the LORD answered me, and said, Write the vision, and make it plain upon tables, that he may run that readeth it."
Habakkuk,2,3,Habakkuk 2:3,prophetic,'write the vision' oracle,"For the vision is yet for an appointed time, but at the end it shall speak, and not lie: though it tarry, wait for it; because it will surely come, it will not tarry."
Habakkuk,2,4,Habakkuk 2:4,prophetic,'write the vision' oracle,"Behold, his soul which is lifted up is not upright in him: but the just shall live by his faith."
Zechariah,9,9,Zechariah 9:9,prophetic,messianic prophecy (triumphant king),"Rejoice greatly, O daughter of Zion; shout, O daughter of Jerusalem: behold, thy King cometh unto thee: he is just, and having salvation; lowly, and riding upon an ass, and upon a colt the foal of an ass."
Zechariah,9,10,Zechariah 9:10,prophetic,messianic prophecy (triumphant king),"And I will cut off the chariot from Ephraim, and the horse from Jerusalem, and the battle bow shall be cut off: and he shall speak peace unto the heathen: and his dominion shall be from sea even to sea, and from the river even to the ends of the earth."
Malachi,3,1,Malachi 3:1,prophetic,messenger oracle,"Behold, I will send my messenger, and he shall prepare the way before me: and the LORD, whom ye seek, shall suddenly come to his temple, even the messenger of the covenant, whom ye delight in: behold, he shall come, saith the LORD of hosts."
Malachi,3,2,Malachi 3:2,prophetic,messenger oracle,"But who may abide the day of his coming? and who shall stand when he appeareth? for he is like a refiner’s fire, and like fullers’ soap:"
Malachi,3,3,Malachi 3:3,prophetic,messenger oracle,"And he shall sit as a refiner and purifier of silver: and he shall purify the sons of Levi, and purge them as gold and silver, that they may offer unto the LORD an offering in righteousness."
Daniel,9,24,Daniel 9:24,prophetic,seventy weeks prophecy,"Seventy weeks are determined upon thy people and upon thy holy city, to finish the transgression, and to make an end of sins, and to make reconciliation for iniquity, and to bring in everlasting righteousness, and to seal up the vision and prophecy, and to anoint the most Holy."
Daniel,9,25,Daniel 9:25,prophetic,seventy weeks prophecy,"Know therefore and understand, that from the going forth of the commandment to restore and to build Jerusalem unto the Messiah the Prince shall be seven weeks, and threescore and two weeks: the street shall be built again, and the wall, even in troublous times."
Daniel,9,26,Daniel 9:26,prophetic,seventy weeks prophecy,"And after threescore and two weeks shall Messiah be cut off, but not for himself: and the people of the prince that shall come shall destroy the city and the sanctuary; and the end thereof shall be with a flood, and unto the end of the war desolations are determined."
Daniel,9,27,Daniel 9:27,prophetic,seventy weeks prophecy,"And he shall confirm the covenant with many for one week: and in the midst of the week he shall cause the sacrifice and the oblation to cease, and for the overspreading of abominations he shall make it desolate, even until the consummation, and that determined shall be poured upon the desolate."
Psalms,22,1,Psalms 22:1,prophetic,messianic psalm,"My God, my God, why hast thou forsaken me? why art thou so far from helping me, and from the words of my roaring?"
Psalms,22,2,Psalms 22:2,prophetic,messianic psalm,"O my God, I cry in the day time, but thou hearest not; and in the night season, and am not silent."
Psalms,22,3,Psalms 22:3,prophetic,messianic psalm,"But thou art holy, O thou that inhabitest the praises of Israel."
Psalms,22,4,Psalms 22:4,prophetic,messianic psalm,"Our fathers trusted in thee: they trusted, and thou didst deliver them."
Psalms,22,5,Psalms 22:5,prophetic,messianic psalm,"They cried unto thee, and were delivered: they trusted in thee, and were not confounded."
Psalms,22,6,Psalms 22:6,prophetic,messianic psalm,"But I am a worm, and no man; a reproach of men, and despised of the people."
Psalms,22,7,Psalms 22:7,prophetic,messianic psalm,"All they that see me laugh me to scorn: they shoot out the lip, they shake the head, saying,"
Psalms,22,8,Psalms 22:8,prophetic,messianic psalm,"He trusted on the LORD that he would deliver him: let him deliver him, seeing he delighted in him."
Psalms,22,9,Psalms 22:9,prophetic,messianic psalm,But thou art he that took me out of the womb: thou didst make me hope when I was upon my mother’s breasts.
Psalms,22,10,Psalms 22:10,prophetic,messianic psalm,I was cast upon thee from the womb: thou art my God from my mother’s belly.
Psalms,22,11,Psalms 22:11,prophetic,messianic psalm,Be not far from me; for trouble is near; for there is none to help.
Psalms,22,12,Psalms 22:12,prophetic,messianic psalm,Many bulls have compassed me: strong bulls of Bashan have beset me round.
Psalms,22,13,Psalms 22:13,prophetic,messianic psalm,"They gaped upon me with their mouths, as a ravening and a roaring lion."
Psalms,22,14,Psalms 22:14,prophetic,messianic psalm,"I am poured out like water, and all my bones are out of joint: my heart is like wax; it is melted in the midst of my bowels."
Psalms,22,15,Psalms 22:15,prophetic,messianic psalm,My strength is dried up like a potsherd; and my tongue cleaveth to my jaws; and thou hast brought me into the dust of death.
Psalms,22,16,Psalms 22:16,prophetic,messianic psalm,For dogs have compassed me: the assembly of the wicked have inclosed me: they pierced my hands and my feet.
Psalms,22,17,Psalms 22:17,prophetic,messianic psalm,I may tell all my bones: they look and stare upon me.
Psalms,22,18,Psalms 22:18,prophetic,messianic psalm,"They part my garments among them, and cast lots upon my vesture."
Jude,1,14,Jude 1:14,prophetic,"Enoch's judgment oracle, explicitly framed as prophecy; near-verbatim quote of 1 Enoch 1:9","And Enoch also, the seventh from Adam, prophesied of these, saying, Behold, the Lord cometh with ten thousands of his saints,"
Jude,1,15,Jude 1:15,prophetic,"Enoch's judgment oracle, explicitly framed as prophecy; near-verbatim quote of 1 Enoch 1:9","To execute judgment upon all, and to convince all that are ungodly among them of all their ungodly deeds which they have ungodly committed, and of all their hard speeches which ungodly sinners have spoken against him."
Genesis,5,21,Genesis 5:21,narrative,Enoch: 'walked with God ... and he was not',"And Enoch lived sixty and five years, and begat Methuselah:"
Genesis,5,22,Genesis 5:22,narrative,Enoch: 'walked with God ... and he was not',"And Enoch walked with God after he begat Methuselah three hundred years, and begat sons and daughters:"
Genesis,5,23,Genesis 5:23,narrative,Enoch: 'walked with God ... and he was not',And all the days of Enoch were three hundred sixty and five years:
Genesis,5,24,Genesis 5:24,narrative,Enoch: 'walked with God ... and he was not',And Enoch walked with God: and he was not; for God took him.
Genesis,12,1,Genesis 12:1,narrative,"Abram's call and journey (narrated, not the oracle verses)","Now the LORD had said unto Abram, Get thee out of thy country, and from thy kindred, and from thy father’s house, unto a land that I will shew thee:"
Genesis,12,2,Genesis 12:2,narrative,"Abram's call and journey (narrated, not the oracle verses)","And I will make of thee a great nation, and I will bless thee, and make thy name great; and thou shalt be a blessing:"
Genesis,12,3,Genesis 12:3,narrative,"Abram's call and journey (narrated, not the oracle verses)","And I will bless them that bless thee, and curse him that curseth thee: and in thee shall all families of the earth be blessed."
Genesis,12,4,Genesis 12:4,narrative,"Abram's call and journey (narrated, not the oracle verses)","So Abram departed, as the LORD had spoken unto him; and Lot went with him: and Abram was seventy and five years old when he departed out of Haran."
Genesis,12,5,Genesis 12:5,narrative,"Abram's call and journey (narrated, not the oracle verses)","And Abram took Sarai his wife, and Lot his brother’s son, and all their substance that they had gathered, and the souls that they had gotten in Haran; and they went forth to go into the land of Canaan; and into the land of Canaan they came."
Genesis,12,6,Genesis 12:6,narrative,"Abram's call and journey (narrated, not the oracle verses)","And Abram passed through the land unto the place of Sichem, unto the plain of Moreh. And the Canaanite was then in the land."
Genesis,12,7,Genesis 12:7,narrative,"Abram's call and journey (narrated, not the oracle verses)","And the LORD appeared unto Abram, and said, Unto thy seed will I give this land: and there builded he an altar unto the LORD, who appeared unto him."
Genesis,12,8,Genesis 12:8,narrative,"Abram's call and journey (narrated, not the oracle verses)","And he removed from thence unto a mountain on the east of Bethel, and pitched his tent, having Bethel on the west, and Hai on the east: and there he builded an altar unto the LORD, and called upon the name of the LORD."
Genesis,12,9,Genesis 12:9,narrative,"Abram's call and journey (narrated, not the oracle verses)","And Abram journeyed, going on still toward the south."
Genesis,24,15,Genesis 24:15,narrative,Isaac and Rebekah at the well,"And it came to pass, before he had done speaking, that, behold, Rebekah came out, who was born to Bethuel, son of Milcah, the wife of Nahor, Abraham’s brother, with her pitcher upon her shoulder."
Genesis,24,16,Genesis 24:16,narrative,Isaac and Rebekah at the well,"And the damsel was very fair to look upon, a virgin, neither had any man known her: and she went down to the well, and filled her pitcher, and came up."
Genesis,24,17,Genesis 24:17,narrative,Isaac and Rebekah at the well,"And the servant ran to meet her, and said, Let me, I pray thee, drink a little water of thy pitcher."
Genesis,24,18,Genesis 24:18,narrative,Isaac and Rebekah at the well,"And she said, Drink, my lord: and she hasted, and let down her pitcher upon her hand, and gave him drink."
Genesis,24,19,Genesis 24:19,narrative,Isaac and Rebekah at the well,"And when she had done giving him drink, she said, I will draw water for thy camels also, until they have done drinking."
Genesis,24,20,Genesis 24:20,narrative,Isaac and Rebekah at the well,"And she hasted, and emptied her pitcher into the trough, and ran again unto the well to draw water, and drew for all his camels."
Genesis,24,21,Genesis 24:21,narrative,Isaac and Rebekah at the well,"And the man wondering at her held his peace, to wit whether the LORD had made his journey prosperous or not."
Genesis,24,22,Genesis 24:22,narrative,Isaac and Rebekah at the well,"And it came to pass, as the camels had done drinking, that the man took a golden earring of half a shekel weight, and two bracelets for her hands of ten shekels weight of gold;"
Genesis,24,23,Genesis 24:23,narrative,Isaac and Rebekah at the well,"And said, Whose daughter art thou? tell me, I pray thee: is there room in thy father’s house for us to lodge in?"
Genesis,24,24,Genesis 24:24,narrative,Isaac and Rebekah at the well,"And she said unto him, I am the daughter of Bethuel the son of Milcah, which she bare unto Nahor."
Genesis,24,25,Genesis 24:25,narrative,Isaac and Rebekah at the well,"She said moreover unto him, We have both straw and provender enough, and room to lodge in."
Genesis,24,26,Genesis 24:26,narrative,Isaac and Rebekah at the well,"And the man bowed down his head, and worshipped the LORD."
Genesis,24,27,Genesis 24:27,narrative,Isaac and Rebekah at the well,"And he said, Blessed be the LORD God of my master Abraham, who hath not left destitute my master of his mercy and his truth: I being in the way, the LORD led me to the house of my master’s brethren."
Genesis,37,23,Genesis 37:23,narrative,Joseph sold into slavery,"And it came to pass, when Joseph was come unto his brethren, that they stript Joseph out of his coat, his coat of many colours that was on him;"
Genesis,37,24,Genesis 37:24,narrative,Joseph sold into slavery,"And they took him, and cast him into a pit: and the pit was empty, there was no water in it."
Genesis,37,25,Genesis 37:25,narrative,Joseph sold into slavery,"And they sat down to eat bread: and they lifted up their eyes and looked, and, behold, a company of Ishmeelites came from Gilead with their camels bearing spicery and balm and myrrh, going to carry it down to Egypt."
Genesis,37,26,Genesis 37:26,narrative,Joseph sold into slavery,"And Judah said unto his brethren, What profit is it if we slay our brother, and conceal his blood?"
Genesis,37,27,Genesis 37:27,narrative,Joseph sold into slavery,"Come, and let us sell him to the Ishmeelites, and let not our hand be upon him; for he is our brother and our flesh. And his brethren were content."
Genesis,37,28,Genesis 37:28,narrative,Joseph sold into slavery,"Then there passed by Midianites merchantmen; and they drew and lifted up Joseph out of the pit, and sold Joseph to the Ishmeelites for twenty pieces of silver: and they brought Joseph into Egypt."
Ruth,1,1,Ruth 1:1,narrative,Ruth and Naomi,"Now it came to pass in the days when the judges ruled, that there was a famine in the land. And a certain man of Bethlehemjudah went to sojourn in the country of Moab, he, and his wife, and his two sons."
Ruth,1,2,Ruth 1:2,narrative,Ruth and Naomi,"And the name of the man was Elimelech, and the name of his wife Naomi, and the name of his two sons Mahlon and Chilion, Ephrathites of Bethlehemjudah. And they came into the country of Moab, and continued there."
Ruth,1,3,Ruth 1:3,narrative,Ruth and Naomi,"And Elimelech Naomi’s husband died; and she was left, and her two sons."
Ruth,1,4,Ruth 1:4,narrative,Ruth and Naomi,"And they took them wives of the women of Moab; the name of the one was Orpah, and the name of the other Ruth: and they dwelled there about ten years."
Ruth,1,5,Ruth 1:5,narrative,Ruth and Naomi,And Mahlon and Chilion died also both of them; and the woman was left of her two sons and her husband.
Ruth,1,6,Ruth 1:6,narrative,Ruth and Naomi,"Then she arose with her daughters in law, that she might return from the country of Moab: for she had heard in the country of Moab how that the LORD had visited his people in giving them bread."
Ruth,1,7,Ruth 1:7,narrative,Ruth and Naomi,"Wherefore she went forth out of the place where she was, and her two daughters in law with her; and they went on the way to return unto the land of Judah."
Ruth,1,8,Ruth 1:8,narrative,Ruth and Naomi,"And Naomi said unto her two daughters in law, Go, return each to her mother’s house: the LORD deal kindly with you, as ye have dealt with the dead, and with me."
Ruth,1,9,Ruth 1:9,narrative,Ruth and Naomi,"The LORD grant you that ye may find rest, each of you in the house of her husband. Then she kissed them; and they lifted up their voice, and wept."
Ruth,1,10,Ruth 1:10,narrative,Ruth and Naomi,"And they said unto her, Surely we will return with thee unto thy people."
Ruth,1,11,Ruth 1:11,narrative,Ruth and Naomi,"And Naomi said, Turn again, my daughters: why will ye go with me? are there yet any more sons in my womb, that they may be your husbands?"
Ruth,1,12,Ruth 1:12,narrative,Ruth and Naomi,"Turn again, my daughters, go your way; for I am too old to have an husband. If I should say, I have hope, if I should have an husband also to night, and should also bear sons;"
Ruth,1,13,Ruth 1:13,narrative,Ruth and Naomi,"Would ye tarry for them till they were grown? would ye stay for them from having husbands? nay, my daughters; for it grieveth me much for your sakes that the hand of the LORD is gone out against me."
Ruth,1,14,Ruth 1:14,narrative,Ruth and Naomi,"And they lifted up their voice, and wept again: and Orpah kissed her mother in law; but Ruth clave unto her."
Ruth,1,15,Ruth 1:15,narrative,Ruth and Naomi,"And she said, Behold, thy sister in law is gone back unto her people, and unto her gods: return thou after thy sister in law."
Ruth,1,16,Ruth 1:16,narrative,Ruth and Naomi,"And Ruth said, Intreat me not to leave thee, or to return from following after thee: for whither thou goest, I will go; and where thou lodgest, I will lodge: thy people shall be my people, and thy God my God:"
Ruth,1,17,Ruth 1:17,narrative,Ruth and Naomi,"Where thou diest, will I die, and there will I be buried: the LORD do so to me, and more also, if ought but death part thee and me."
Ruth,1,18,Ruth 1:18,narrative,Ruth and Naomi,"When she saw that she was stedfastly minded to go with her, then she left speaking unto her."
Ruth,4,9,Ruth 4:9,narrative,Boaz redeems Ruth,"And Boaz said unto the elders, and unto all the people, Ye are witnesses this day, that I have bought all that was Elimelech’s, and all that was Chilion’s and Mahlon’s, of the hand of Naomi."
Ruth,4,10,Ruth 4:10,narrative,Boaz redeems Ruth,"Moreover Ruth the Moabitess, the wife of Mahlon, have I purchased to be my wife, to raise up the name of the dead upon his inheritance, that the name of the dead be not cut off from among his brethren, and from the gate of his place: ye are witnesses this day."
Ruth,4,11,Ruth 4:11,narrative,Boaz redeems Ruth,"And all the people that were in the gate, and the elders, said, We are witnesses. The LORD make the woman that is come into thine house like Rachel and like Leah, which two did build the house of Israel: and do thou worthily in Ephratah, and be famous in Bethlehem:"
Ruth,4,12,Ruth 4:12,narrative,Boaz redeems Ruth,"And let thy house be like the house of Pharez, whom Tamar bare unto Judah, of the seed which the LORD shall give thee of this young woman."
Ruth,4,13,Ruth 4:13,narrative,Boaz redeems Ruth,"So Boaz took Ruth, and she was his wife: and when he went in unto her, the LORD gave her conception, and she bare a son."
Ruth,4,14,Ruth 4:14,narrative,Boaz redeems Ruth,"And the women said unto Naomi, Blessed be the LORD, which hath not left thee this day without a kinsman, that his name may be famous in Israel."
Ruth,4,15,Ruth 4:15,narrative,Boaz redeems Ruth,"And he shall be unto thee a restorer of thy life, and a nourisher of thine old age: for thy daughter in law, which loveth thee, which is better to thee than seven sons, hath born him."
Ruth,4,16,Ruth 4:16,narrative,Boaz redeems Ruth,"And Naomi took the child, and laid it in her bosom, and became nurse unto it."
Ruth,4,17,Ruth 4:17,narrative,Boaz redeems Ruth,"And the women her neighbours gave it a name, saying, There is a son born to Naomi; and they called his name Obed: he is the father of Jesse, the father of David."
Esther,2,15,Esther 2:15,narrative,Esther made queen,"Now when the turn of Esther, the daughter of Abihail the uncle of Mordecai, who had taken her for his daughter, was come to go in unto the king, she required nothing but what Hegai the king’s chamberlain, the keeper of the women, appointed. And Esther obtained favour in the sight of all them that looked upon her."
Esther,2,16,Esther 2:16,narrative,Esther made queen,"So Esther was taken unto king Ahasuerus into his house royal in the tenth month, which is the month Tebeth, in the seventh year of his reign."
Esther,2,17,Esther 2:17,narrative,Esther made queen,"And the king loved Esther above all the women, and she obtained grace and favour in his sight more than all the virgins; so that he set the royal crown upon her head, and made her queen instead of Vashti."
Esther,2,18,Esther 2:18,narrative,Esther made queen,"Then the king made a great feast unto all his princes and his servants, even Esther’s feast; and he made a release to the provinces, and gave gifts, according to the state of the king."
Esther,7,1,Esther 7:1,narrative,Haman's downfall,So the king and Haman came to banquet with Esther the queen.
Esther,7,2,Esther 7:2,narrative,Haman's downfall,"And the king said again unto Esther on the second day at the banquet of wine, What is thy petition, queen Esther? and it shall be granted thee: and what is thy request? and it shall be performed, even to the half of the kingdom."
Esther,7,3,Esther 7:3,narrative,Haman's downfall,"Then Esther the queen answered and said, If I have found favour in thy sight, O king, and if it please the king, let my life be given me at my petition, and my people at my request:"
Esther,7,4,Esther 7:4,narrative,Haman's downfall,"For we are sold, I and my people, to be destroyed, to be slain, and to perish. But if we had been sold for bondmen and bondwomen, I had held my tongue, although the enemy could not countervail the king’s damage."
Esther,7,5,Esther 7:5,narrative,Haman's downfall,"Then the king Ahasuerus answered and said unto Esther the queen, Who is he, and where is he, that durst presume in his heart to do so?"
Esther,7,6,Esther 7:6,narrative,Haman's downfall,"And Esther said, The adversary and enemy is this wicked Haman. Then Haman was afraid before the king and the queen."
Esther,7,7,Esther 7:7,narrative,Haman's downfall,And the king arising from the banquet of wine in his wrath went into the palace garden: and Haman stood up to make request for his life to Esther the queen; for he saw that there was evil determined against him by the king.
Esther,7,8,Esther 7:8,narrative,Haman's downfall,"Then the king returned out of the palace garden into the place of the banquet of wine; and Haman was fallen upon the bed whereon Esther was. Then said the king, Will he force the queen also before me in the house? As the word went out of the king’s mouth, they covered Haman’s face."
Esther,7,9,Esther 7:9,narrative,Haman's downfall,"And Harbonah, one of the chamberlains, said before the king, Behold also, the gallows fifty cubits high, which Haman had made for Mordecai, who had spoken good for the king, standeth in the house of Haman. Then the king said, Hang him thereon."
Esther,7,10,Esther 7:10,narrative,Haman's downfall,So they hanged Haman on the gallows that he had prepared for Mordecai. Then was the king’s wrath pacified.
1 Kings,3,16,1 Kings 3:16,narrative,Solomon's judgment,"Then came there two women, that were harlots, unto the king, and stood before him."
1 Kings,3,17,1 Kings 3:17,narrative,Solomon's judgment,"And the one woman said, O my lord, I and this woman dwell in one house; and I was delivered of a child with her in the house."
1 Kings,3,18,1 Kings 3:18,narrative,Solomon's judgment,"And it came to pass the third day after that I was delivered, that this woman was delivered also: and we were together; there was no stranger with us in the house, save we two in the house."
1 Kings,3,19,1 Kings 3:19,narrative,Solomon's judgment,And this woman’s child died in the night; because she overlaid it.
1 Kings,3,20,1 Kings 3:20,narrative,Solomon's judgment,"And she arose at midnight, and took my son from beside me, while thine handmaid slept, and laid it in her bosom, and laid her dead child in my bosom."
1 Kings,3,21,1 Kings 3:21,narrative,Solomon's judgment,"And when I rose in the morning to give my child suck, behold, it was dead: but when I had considered it in the morning, behold, it was not my son, which I did bear."
1 Kings,3,22,1 Kings 3:22,narrative,Solomon's judgment,"And the other woman said, Nay; but the living is my son, and the dead is thy son. And this said, No; but the dead is thy son, and the living is my son. Thus they spake before the king."
1 Kings,3,23,1 Kings 3:23,narrative,Solomon's judgment,"Then said the king, The one saith, This is my son that liveth, and thy son is the dead: and the other saith, Nay; but thy son is the dead, and my son is the living."
1 Kings,3,24,1 Kings 3:24,narrative,Solomon's judgment,"And the king said, Bring me a sword. And they brought a sword before the king."
1 Kings,3,25,1 Kings 3:25,narrative,Solomon's judgment,"And the king said, Divide the living child in two, and give half to the one, and half to the other."
1 Kings,3,26,1 Kings 3:26,narrative,Solomon's judgment,"Then spake the woman whose the living child was unto the king, for her bowels yearned upon her son, and she said, O my lord, give her the living child, and in no wise slay it. But the other said, Let it be neither mine nor thine, but divide it."
1 Kings,3,27,1 Kings 3:27,narrative,Solomon's judgment,"Then the king answered and said, Give her the living child, and in no wise slay it: she is the mother thereof."
1 Kings,3,28,1 Kings 3:28,narrative,Solomon's judgment,"And all Israel heard of the judgment which the king had judged; and they feared the king: for they saw that the wisdom of God was in him, to do judgment."
2 Kings,5,1,2 Kings 5:1,narrative,Naaman healed,"Now Naaman, captain of the host of the king of Syria, was a great man with his master, and honourable, because by him the LORD had given deliverance unto Syria: he was also a mighty man in valour, but he was a leper."
2 Kings,5,2,2 Kings 5:2,narrative,Naaman healed,"And the Syrians had gone out by companies, and had brought away captive out of the land of Israel a little maid; and she waited on Naaman’s wife."
2 Kings,5,3,2 Kings 5:3,narrative,Naaman healed,"And she said unto her mistress, Would God my lord were with the prophet that is in Samaria! for he would recover him of his leprosy."
2 Kings,5,4,2 Kings 5:4,narrative,Naaman healed,"And one went in, and told his lord, saying, Thus and thus said the maid that is of the land of Israel."
2 Kings,5,5,2 Kings 5:5,narrative,Naaman healed,"And the king of Syria said, Go to, go, and I will send a letter unto the king of Israel. And he departed, and took with him ten talents of silver, and six thousand pieces of gold, and ten changes of raiment."
2 Kings,5,6,2 Kings 5:6,narrative,Naaman healed,"And he brought the letter to the king of Israel, saying, Now when this letter is come unto thee, behold, I have therewith sent Naaman my servant to thee, that thou mayest recover him of his leprosy."
2 Kings,5,7,2 Kings 5:7,narrative,Naaman healed,"And it came to pass, when the king of Israel had read the letter, that he rent his clothes, and said, Am I God, to kill and to make alive, that this man doth send unto me to recover a man of his leprosy? wherefore consider, I pray you, and see how he seeketh a quarrel against me."
2 Kings,5,8,2 Kings 5:8,narrative,Naaman healed,"And it was so, when Elisha the man of God had heard that the king of Israel had rent his clothes, that he sent to the king, saying, Wherefore hast thou rent thy clothes? let him come now to me, and he shall know that there is a prophet in Israel."
2 Kings,5,9,2 Kings 5:9,narrative,Naaman healed,"So Naaman came with his horses and with his chariot, and stood at the door of the house of Elisha."
2 Kings,5,10,2 Kings 5:10,narrative,Naaman healed,"And Elisha sent a messenger unto him, saying, Go and wash in Jordan seven times, and thy flesh shall come again to thee, and thou shalt be clean."
2 Kings,5,11,2 Kings 5:11,narrative,Naaman healed,"But Naaman was wroth, and went away, and said, Behold, I thought, He will surely come out to me, and stand, and call on the name of the LORD his God, and strike his hand over the place, and recover the leper."
2 Kings,5,12,2 Kings 5:12,narrative,Naaman healed,"Are not Abana and Pharpar, rivers of Damascus, better than all the waters of Israel? may I not wash in them, and be clean? So he turned and went away in a rage."
2 Kings,5,13,2 Kings 5:13,narrative,Naaman healed,"And his servants came near, and spake unto him, and said, My father, if the prophet had bid thee do some great thing, wouldest thou not have done it? how much rather then, when he saith to thee, Wash, and be clean?"
2 Kings,5,14,2 Kings 5:14,narrative,Naaman healed,"Then went he down, and dipped himself seven times in Jordan, according to the saying of the man of God: and his flesh came again like unto the flesh of a little child, and he was clean."
2 Chronicles,34,1,2 Chronicles 34:1,narrative,Josiah's reforms (narrated account),"Josiah was eight years old when he began to reign, and he reigned in Jerusalem one and thirty years."
2 Chronicles,34,2,2 Chronicles 34:2,narrative,Josiah's reforms (narrated account),"And he did that which was right in the sight of the LORD, and walked in the ways of David his father, and declined neither to the right hand, nor to the left."
2 Chronicles,34,3,2 Chronicles 34:3,narrative,Josiah's reforms (narrated account),"For in the eighth year of his reign, while he was yet young, he began to seek after the God of David his father: and in the twelfth year he began to purge Judah and Jerusalem from the high places, and the groves, and the carved images, and the molten images."
2 Chronicles,34,4,2 Chronicles 34:4,narrative,Josiah's reforms (narrated account),"And they brake down the altars of Baalim in his presence; and the images, that were on high above them, he cut down; and the groves, and the carved images, and the molten images, he brake in pieces, and made dust of them, and strowed it upon the graves of them that had sacrificed unto them."
2 Chronicles,34,5,2 Chronicles 34:5,narrative,Josiah's reforms (narrated account),"And he burnt the bones of the priests upon their altars, and cleansed Judah and Jerusalem."
2 Chronicles,34,6,2 Chronicles 34:6,narrative,Josiah's reforms (narrated account),"And so did he in the cities of Manasseh, and Ephraim, and Simeon, even unto Naphtali, with their mattocks round about."
2 Chronicles,34,7,2 Chronicles 34:7,narrative,Josiah's reforms (narrated account),"And when he had broken down the altars and the groves, and had beaten the graven images into powder, and cut down all the idols throughout all the land of Israel, he returned to Jerusalem."
2 Chronicles,34,8,2 Chronicles 34:8,narrative,Josiah's reforms (narrated account),"Now in the eighteenth year of his reign, when he had purged the land, and the house, he sent Shaphan the son of Azaliah, and Maaseiah the governor of the city, and Joah the son of Joahaz the recorder, to repair the house of the LORD his God."
2 Chronicles,34,9,2 Chronicles 34:9,narrative,Josiah's reforms (narrated account),"And when they came to Hilkiah the high priest, they delivered the money that was brought into the house of God, which the Levites that kept the doors had gathered of the hand of Manasseh and Ephraim, and of all the remnant of Israel, and of all Judah and Benjamin; and they returned to Jerusalem."
2 Chronicles,34,10,2 Chronicles 34:10,narrative,Josiah's reforms (narrated account),"And they put it in the hand of the workmen that had the oversight of the house of the LORD, and they gave it to the workmen that wrought in the house of the LORD, to repair and amend the house:"
2 Chronicles,34,11,2 Chronicles 34:11,narrative,Josiah's reforms (narrated account),"Even to the artificers and builders gave they it, to buy hewn stone, and timber for couplings, and to floor the houses which the kings of Judah had destroyed."
2 Chronicles,34,12,2 Chronicles 34:12,narrative,Josiah's reforms (narrated account),"And the men did the work faithfully: and the overseers of them were Jahath and Obadiah, the Levites, of the sons of Merari; and Zechariah and Meshullam, of the sons of the Kohathites, to set it forward; and other of the Levites, all that could skill of instruments of musick."
2 Chronicles,34,13,2 Chronicles 34:13,narrative,Josiah's reforms (narrated account),"Also they were over the bearers of burdens, and were overseers of all that wrought the work in any manner of service: and of the Levites there were scribes, and officers, and porters."
Leviticus,11,1,Leviticus 11:1,law-wisdom,dietary law,"And the LORD spake unto Moses and to Aaron, saying unto them,"
Leviticus,11,2,Leviticus 11:2,law-wisdom,dietary law,"Speak unto the children of Israel, saying, These are the beasts which ye shall eat among all the beasts that are on the earth."
Leviticus,11,3,Leviticus 11:3,law-wisdom,dietary law,"Whatsoever parteth the hoof, and is clovenfooted, and cheweth the cud, among the beasts, that shall ye eat."
Leviticus,11,4,Leviticus 11:4,law-wisdom,dietary law,"Nevertheless these shall ye not eat of them that chew the cud, or of them that divide the hoof: as the camel, because he cheweth the cud, but divideth not the hoof; he is unclean unto you."
Leviticus,11,5,Leviticus 11:5,law-wisdom,dietary law,"And the coney, because he cheweth the cud, but divideth not the hoof; he is unclean unto you."
Leviticus,11,6,Leviticus 11:6,law-wisdom,dietary law,"And the hare, because he cheweth the cud, but divideth not the hoof; he is unclean unto you."
Leviticus,11,7,Leviticus 11:7,law-wisdom,dietary law,"And the swine, though he divide the hoof, and be clovenfooted, yet he cheweth not the cud; he is unclean to you."
Leviticus,11,8,Leviticus 11:8,law-wisdom,dietary law,"Of their flesh shall ye not eat, and their carcase shall ye not touch; they are unclean to you."
Leviticus,19,9,Leviticus 19:9,law-wisdom,holiness code,"And when ye reap the harvest of your land, thou shalt not wholly reap the corners of thy field, neither shalt thou gather the gleanings of thy harvest."
Leviticus,19,10,Leviticus 19:10,law-wisdom,holiness code,"And thou shalt not glean thy vineyard, neither shalt thou gather every grape of thy vineyard; thou shalt leave them for the poor and stranger: I am the LORD your God."
Leviticus,19,11,Leviticus 19:11,law-wisdom,holiness code,"Ye shall not steal, neither deal falsely, neither lie one to another."
Leviticus,19,12,Leviticus 19:12,law-wisdom,holiness code,"And ye shall not swear by my name falsely, neither shalt thou profane the name of thy God: I am the LORD."
Leviticus,19,13,Leviticus 19:13,law-wisdom,holiness code,"Thou shalt not defraud thy neighbour, neither rob him: the wages of him that is hired shall not abide with thee all night until the morning."
Leviticus,19,14,Leviticus 19:14,law-wisdom,holiness code,"Thou shalt not curse the deaf, nor put a stumblingblock before the blind, but shalt fear thy God: I am the LORD."
Leviticus,19,15,Leviticus 19:15,law-wisdom,holiness code,"Ye shall do no unrighteousness in judgment: thou shalt not respect the person of the poor, nor honor the person of the mighty: but in righteousness shalt thou judge thy neighbour."
Leviticus,19,16,Leviticus 19:16,law-wisdom,holiness code,Thou shalt not go up and down as a talebearer among thy people: neither shalt thou stand against the blood of thy neighbour: I am the LORD.
Leviticus,19,17,Leviticus 19:17,law-wisdom,holiness code,"Thou shalt not hate thy brother in thine heart: thou shalt in any wise rebuke thy neighbour, and not suffer sin upon him."
Leviticus,19,18,Leviticus 19:18,law-wisdom,holiness code,"Thou shalt not avenge, nor bear any grudge against the children of thy people, but thou shalt love thy neighbour as thyself: I am the LORD."
Leviticus,23,1,Leviticus 23:1,law-wisdom,feast law,"And the LORD spake unto Moses, saying,"
Leviticus,23,2,Leviticus 23:2,law-wisdom,feast law,"Speak unto the children of Israel, and say unto them, Concerning the feasts of the LORD, which ye shall proclaim to be holy convocations, even these are my feasts."
Leviticus,23,3,Leviticus 23:3,law-wisdom,feast law,"Six days shall work be done: but the seventh day is the sabbath of rest, an holy convocation; ye shall do no work therein: it is the sabbath of the LORD in all your dwellings."
Leviticus,23,4,Leviticus 23:4,law-wisdom,feast law,"These are the feasts of the LORD, even holy convocations, which ye shall proclaim in their seasons."
Leviticus,23,5,Leviticus 23:5,law-wisdom,feast law,In the fourteenth day of the first month at even is the LORD’s passover.
Leviticus,23,6,Leviticus 23:6,law-wisdom,feast law,And on the fifteenth day of the same month is the feast of unleavened bread unto the LORD: seven days ye must eat unleavened bread.
Leviticus,23,7,Leviticus 23:7,law-wisdom,feast law,In the first day ye shall have an holy convocation: ye shall do no servile work therein.
Leviticus,23,8,Leviticus 23:8,law-wisdom,feast law,But ye shall offer an offering made by fire unto the LORD seven days: in the seventh day is an holy convocation: ye shall do no servile work therein.
Proverbs,1,1,Proverbs 1:1,law-wisdom,purpose of proverbs,"The proverbs of Solomon the son of David, king of Israel;"
Proverbs,1,2,Proverbs 1:2,law-wisdom,purpose of proverbs,To know wisdom and instruction; to perceive the words of understanding;
Proverbs,1,3,Proverbs 1:3,law-wisdom,purpose of proverbs,"To receive the instruction of wisdom, justice, and judgment, and equity;"
Proverbs,1,4,Proverbs 1:4,law-wisdom,purpose of proverbs,"To give subtilty to the simple, to the young man knowledge and discretion."
Proverbs,1,5,Proverbs 1:5,law-wisdom,purpose of proverbs,"A wise man will hear, and will increase learning; and a man of understanding shall attain unto wise counsels:"
Proverbs,1,6,Proverbs 1:6,law-wisdom,purpose of proverbs,"To understand a proverb, and the interpretation; the words of the wise, and their dark sayings."
Proverbs,1,7,Proverbs 1:7,law-wisdom,purpose of proverbs,The fear of the LORD is the beginning of knowledge: but fools despise wisdom and instruction.
Proverbs,3,1,Proverbs 3:1,law-wisdom,wisdom instruction,"My son, forget not my law; but let thine heart keep my commandments:"
Proverbs,3,2,Proverbs 3:2,law-wisdom,wisdom instruction,"For length of days, and long life, and peace, shall they add to thee."
Proverbs,3,3,Proverbs 3:3,law-wisdom,wisdom instruction,Let not mercy and truth forsake thee: bind them about thy neck; write them upon the table of thine heart:
Proverbs,3,4,Proverbs 3:4,law-wisdom,wisdom instruction,So shalt thou find favour and good understanding in the sight of God and man.
Proverbs,3,5,Proverbs 3:5,law-wisdom,wisdom instruction,Trust in the LORD with all thine heart; and lean not unto thine own understanding.
Proverbs,3,6,Proverbs 3:6,law-wisdom,wisdom instruction,"In all thy ways acknowledge him, and he shall direct thy paths."
Proverbs,3,7,Proverbs 3:7,law-wisdom,wisdom instruction,"Be not wise in thine own eyes: fear the LORD, and depart from evil."
Proverbs,3,8,Proverbs 3:8,law-wisdom,wisdom instruction,"It shall be health to thy navel, and marrow to thy bones."
Proverbs,3,9,Proverbs 3:9,law-wisdom,wisdom instruction,"Honour the LORD with thy substance, and with the firstfruits of all thine increase:"
Proverbs,3,10,Proverbs 3:10,law-wisdom,wisdom instruction,"So shall thy barns be filled with plenty, and thy presses shall burst out with new wine."
Proverbs,3,11,Proverbs 3:11,law-wisdom,wisdom instruction,"My son, despise not the chastening of the LORD; neither be weary of his correction:"
Proverbs,3,12,Proverbs 3:12,law-wisdom,wisdom instruction,For whom the LORD loveth he correcteth; even as a father the son in whom he delighteth.
Proverbs,6,6,Proverbs 6:6,law-wisdom,sluggard wisdom saying,"Go to the ant, thou sluggard; consider her ways, and be wise:"
Proverbs,6,7,Proverbs 6:7,law-wisdom,sluggard wisdom saying,"Which having no guide, overseer, or ruler,"
Proverbs,6,8,Proverbs 6:8,law-wisdom,sluggard wisdom saying,"Provideth her meat in the summer, and gathereth her food in the harvest."
Proverbs,6,9,Proverbs 6:9,law-wisdom,sluggard wisdom saying,"How long wilt thou sleep, O sluggard? when wilt thou arise out of thy sleep?"
Proverbs,6,10,Proverbs 6:10,law-wisdom,sluggard wisdom saying,"Yet a little sleep, a little slumber, a little folding of the hands to sleep:"
Proverbs,6,11,Proverbs 6:11,law-wisdom,sluggard wisdom saying,"So shall thy poverty come as one that travelleth, and thy want as an armed man."
Proverbs,31,10,Proverbs 31:10,law-wisdom,virtuous woman,Who can find a virtuous woman? for her price is far above rubies.
Proverbs,31,11,Proverbs 31:11,law-wisdom,virtuous woman,"The heart of her husband doth safely trust in her, so that he shall have no need of spoil."
Proverbs,31,12,Proverbs 31:12,law-wisdom,virtuous woman,She will do him good and not evil all the days of her life.
Proverbs,31,13,Proverbs 31:13,law-wisdom,virtuous woman,"She seeketh wool, and flax, and worketh willingly with her hands."
Proverbs,31,14,Proverbs 31:14,law-wisdom,virtuous woman,She is like the merchants’ ships; she bringeth her food from afar.
Proverbs,31,15,Proverbs 31:15,law-wisdom,virtuous woman,"She riseth also while it is yet night, and giveth meat to her household, and a portion to her maidens."
Proverbs,31,16,Proverbs 31:16,law-wisdom,virtuous woman,"She considereth a field, and buyeth it: with the fruit of her hands she planteth a vineyard."
Proverbs,31,17,Proverbs 31:17,law-wisdom,virtuous woman,"She girdeth her loins with strength, and strengtheneth her arms."
Proverbs,31,18,Proverbs 31:18,law-wisdom,virtuous woman,She perceiveth that her merchandise is good: her candle goeth not out by night.
Proverbs,31,19,Proverbs 31:19,law-wisdom,virtuous woman,"She layeth her hands to the spindle, and her hands hold the distaff."
Proverbs,31,20,Proverbs 31:20,law-wisdom,virtuous woman,"She stretcheth out her hand to the poor; yea, she reacheth forth her hands to the needy."
Proverbs,31,21,Proverbs 31:21,law-wisdom,virtuous woman,She is not afraid of the snow for her household: for all her household are clothed with scarlet.
Proverbs,31,22,Proverbs 31:22,law-wisdom,virtuous woman,She maketh herself coverings of tapestry; her clothing is silk and purple.
Proverbs,31,23,Proverbs 31:23,law-wisdom,virtuous woman,"Her husband is known in the gates, when he sitteth among the elders of the land."
Proverbs,31,24,Proverbs 31:24,law-wisdom,virtuous woman,"She maketh fine linen, and selleth it; and delivereth girdles unto the merchant."
Proverbs,31,25,Proverbs 31:25,law-wisdom,virtuous woman,Strength and honour are her clothing; and she shall rejoice in time to come.
Proverbs,31,26,Proverbs 31:26,law-wisdom,virtuous woman,She openeth her mouth with wisdom; and in her tongue is the law of kindness.
Proverbs,31,27,Proverbs 31:27,law-wisdom,virtuous woman,"She looketh well to the ways of her household, and eateth not the bread of idleness."
Proverbs,31,28,Proverbs 31:28,law-wisdom,virtuous woman,"Her children arise up, and call her blessed; her husband also, and he praiseth her."
Proverbs,31,29,Proverbs 31:29,law-wisdom,virtuous woman,"Many daughters have done virtuously, but thou excellest them all."
Proverbs,31,30,Proverbs 31:30,law-wisdom,virtuous woman,"Favour is deceitful, and beauty is vain: but a woman that feareth the LORD, she shall be praised."
Proverbs,31,31,Proverbs 31:31,law-wisdom,virtuous woman,Give her of the fruit of her hands; and let her own works praise her in the gates.
