corpus,pericope_id,note,chunk_id,text,pred_full,pred_narrow,pred_nostruct,pred_normttr
1_enoch,ch1_theophany,"Enoch's opening blessing/judgment theophany, vv. 1-8 (v. 9 excluded per project owner's direction)",0,"The words of the blessing of Enoch, wherewith he blessed the elect and righteous, who will be living in the day of tribulation, when all the wicked and godless are to be removed",narrative,prophetic,prophetic,prophetic
1_enoch,ch1_theophany,"Enoch's opening blessing/judgment theophany, vv. 1-8 (v. 9 excluded per project owner's direction)",1,"Concerning the elect I said, and took up my parable concerning them: The Holy Great One will come forth from His dwelling, 4",prophetic,prophetic,narrative,prophetic
1_enoch,ch1_theophany,"Enoch's opening blessing/judgment theophany, vv. 1-8 (v. 9 excluded per project owner's direction)",2,"And the eternal God will tread upon the earth, (even) on Mount Sinai, And appear from His camp And appear in the strength of His might from the heaven of heavens",prophetic,prophetic,narrative,prophetic
1_enoch,ch1_theophany,"Enoch's opening blessing/judgment theophany, vv. 1-8 (v. 9 excluded per project owner's direction)",3,"And all shall be smitten with fear And the Watchers shall quake, And great fear and trembling shall seize them unto the ends of the earth",law-wisdom,prophetic,prophetic,prophetic
1_enoch,ch1_theophany,"Enoch's opening blessing/judgment theophany, vv. 1-8 (v. 9 excluded per project owner's direction)",4,"And the high mountains shall be shaken, And the high hills shall be made low, And shall melt like wax before the flame 7",prophetic,prophetic,prophetic,prophetic
1_enoch,ch1_theophany,"Enoch's opening blessing/judgment theophany, vv. 1-8 (v. 9 excluded per project owner's direction)",5,"And the earth shall be wholly rent in sunder, And all that is upon the earth shall perish, And there shall be a judgement upon all (men)",prophetic,prophetic,prophetic,prophetic
1_enoch,ch1_theophany,"Enoch's opening blessing/judgment theophany, vv. 1-8 (v. 9 excluded per project owner's direction)",6,But with the righteous He will make peace,law-wisdom,law-wisdom,prophetic,law-wisdom
1_enoch,ch1_theophany,"Enoch's opening blessing/judgment theophany, vv. 1-8 (v. 9 excluded per project owner's direction)",7,"And will protect the elect, And mercy shall be upon them",prophetic,prophetic,prophetic,prophetic
1_enoch,ch1_theophany,"Enoch's opening blessing/judgment theophany, vv. 1-8 (v. 9 excluded per project owner's direction)",8,"And they shall all belong to God, And they shall be prospered, And they shall all be blessed",prophetic,prophetic,prophetic,prophetic
1_enoch,ch1_theophany,"Enoch's opening blessing/judgment theophany, vv. 1-8 (v. 9 excluded per project owner's direction)",9,"And He will help them all , And light shall appear unto them, And He will make peace with them",prophetic,prophetic,prophetic,prophetic
1_enoch,ch6-7_watchers,the Watchers descend and take wives -- narrative,0,And it came to pass when the children of men had multiplied that in those days were born unto them beautiful and comely daughters,narrative,narrative,narrative,narrative
1_enoch,ch6-7_watchers,the Watchers descend and take wives -- narrative,1,"And the angels, the children of the heaven, saw and lusted after them, and said to one another: 'Come, let us choose us wives from among the children of men and beget us children",narrative,narrative,narrative,narrative
1_enoch,ch6-7_watchers,the Watchers descend and take wives -- narrative,2,"And Semjâzâ, who was their leader, said unto them: 'I fear ye will not indeed agree to do this deed, and I alone shall have to pay the penalty of a great sin",prophetic,prophetic,prophetic,prophetic
1_enoch,ch6-7_watchers,the Watchers descend and take wives -- narrative,3,"And they all answered him and said: 'Let us all swear an oath, and all bind ourselves by mutual imprecations not to abandon this plan but to do this thing",narrative,narrative,narrative,narrative
1_enoch,ch6-7_watchers,the Watchers descend and take wives -- narrative,4,Then sware they all together and bound themselves by mutual imprecations upon it,narrative,prophetic,narrative,prophetic
1_enoch,ch6-7_watchers,the Watchers descend and take wives -- narrative,5,And they were in all two hundred,narrative,narrative,narrative,narrative
1_enoch,ch6-7_watchers,the Watchers descend and take wives -- narrative,6,"who descended in the days of Jared on the summit of Mount Hermon, and they called it Mount Hermon, because they had sworn and bound themselves by mutual imprecations upon it",narrative,prophetic,narrative,narrative
1_enoch,ch6-7_watchers,the Watchers descend and take wives -- narrative,7,These are their chiefs of tens,law-wisdom,law-wisdom,law-wisdom,law-wisdom
1_enoch,ch6-7_watchers,the Watchers descend and take wives -- narrative,8,"And all the others together with them took unto themselves wives, and each chose for himself one, and they began to go in unto them and to defile themselves with them, and they taught them charms and enchantments, and the cutting of roots, and made them acquainted with plants",narrative,narrative,narrative,narrative
1_enoch,ch6-7_watchers,the Watchers descend and take wives -- narrative,9,"And they became pregnant, and they bare great giants, whose height was three thousand ells: 3",narrative,narrative,narrative,narrative
1_enoch,ch6-7_watchers,the Watchers descend and take wives -- narrative,10,Who consumed all the acquisitions of men,law-wisdom,law-wisdom,law-wisdom,law-wisdom
1_enoch,ch6-7_watchers,the Watchers descend and take wives -- narrative,11,"And when men could no longer sustain them, 4",law-wisdom,narrative,narrative,narrative
1_enoch,ch6-7_watchers,the Watchers descend and take wives -- narrative,12,the giants turned against them and devoured mankind,law-wisdom,law-wisdom,narrative,prophetic
1_enoch,ch6-7_watchers,the Watchers descend and take wives -- narrative,13,"And they began to sin against birds, and beasts, and reptiles, and fish, and to devour one another's flesh, and drink the blood",narrative,narrative,narrative,narrative
1_enoch,ch6-7_watchers,the Watchers descend and take wives -- narrative,14,Then the earth laid accusation against the lawless ones,prophetic,law-wisdom,law-wisdom,law-wisdom
1_enoch,ch10_judgment,God's judgment commands to the archangels -- imperative-heavy oracle,0,"Then said the Most High, the Holy and Great One spake, and sent Uriel to the son of Lamech, and said to him: 2",narrative,narrative,narrative,narrative
1_enoch,ch10_judgment,God's judgment commands to the archangels -- imperative-heavy oracle,1,"' 〈 Go to Noah 〉 and tell him in my name ""Hide thyself",prophetic,prophetic,prophetic,prophetic
1_enoch,ch10_judgment,God's judgment commands to the archangels -- imperative-heavy oracle,2,""" and reveal to him the end that is approaching: that the whole earth will be destroyed, and a deluge is about to come upon the whole earth, and will destroy all that is on it",narrative,prophetic,prophetic,prophetic
1_enoch,ch10_judgment,God's judgment commands to the archangels -- imperative-heavy oracle,3,And now instruct him that he may escape and his seed may be preserved for all the generations of the world,narrative,narrative,narrative,narrative
1_enoch,ch10_judgment,God's judgment commands to the archangels -- imperative-heavy oracle,4,"And again the Lord said to Raphael: 'Bind Azâzêl hand and foot, and cast him into the darkness: and make an opening in the desert, which is in Dûdâêl, and cast him therein",narrative,narrative,narrative,narrative
1_enoch,ch10_judgment,God's judgment commands to the archangels -- imperative-heavy oracle,5,"And place upon him rough and jagged rocks, and cover him with darkness, and let him abide there for ever, and cover his face that he may not see light",narrative,narrative,narrative,narrative
1_enoch,ch10_judgment,God's judgment commands to the archangels -- imperative-heavy oracle,6,And on the day of the great judgement he shall be cast into the fire,prophetic,law-wisdom,law-wisdom,law-wisdom
1_enoch,ch10_judgment,God's judgment commands to the archangels -- imperative-heavy oracle,7,"And heal the earth which the angels have corrupted, and proclaim the healing of the earth, that they may heal the plague, and that all the children of men may not perish through all the secret things that the Watchers have disclosed and have taught their sons",prophetic,narrative,narrative,narrative
1_enoch,ch10_judgment,God's judgment commands to the archangels -- imperative-heavy oracle,8,And the whole earth has been corrupted through the works that were taught by Azâzêl: to him ascribe all sin,narrative,narrative,narrative,narrative
1_enoch,ch10_judgment,God's judgment commands to the archangels -- imperative-heavy oracle,9,And no request that they (i,prophetic,law-wisdom,narrative,law-wisdom
1_enoch,ch10_judgment,God's judgment commands to the archangels -- imperative-heavy oracle,10,their fathers) make of thee shall be granted unto their fathers on their behalf,prophetic,law-wisdom,prophetic,law-wisdom
1_enoch,ch10_judgment,God's judgment commands to the archangels -- imperative-heavy oracle,11,"for they hope to live an eternal life, and that each one of them will live five hundred years",narrative,narrative,narrative,narrative
1_enoch,ch10_judgment,God's judgment commands to the archangels -- imperative-heavy oracle,12,"And the Lord said unto Michael: 'Go, bind Semjâzâ and his associates who have united themselves with women so as to have defiled themselves with them in all their uncleanness",narrative,narrative,narrative,narrative
1_enoch,ch10_judgment,God's judgment commands to the archangels -- imperative-heavy oracle,13,"And when their sons have slain one another, and they have seen the destruction of their beloved ones, bind them fast for seventy generations in the valleys of the earth, till the day of their judgement and of their consummation, till the judgement that is for ever and ever is consummated",narrative,narrative,narrative,narrative
1_enoch,ch10_judgment,God's judgment commands to the archangels -- imperative-heavy oracle,14,In those days they shall be led off to the abyss of fire: 〈 and 〉 to the torment and the prison in which they shall be confined for ever,prophetic,prophetic,prophetic,prophetic
1_enoch,ch10_judgment,God's judgment commands to the archangels -- imperative-heavy oracle,15,And whosoever shall be condemned and destroyed will from thenceforth be bound together with them to the end of all generations,prophetic,prophetic,prophetic,prophetic
1_enoch,ch10_judgment,God's judgment commands to the archangels -- imperative-heavy oracle,16,"And destroy all the spirits of the reprobate and the children of the Watchers, because they have wronged mankind",narrative,law-wisdom,narrative,narrative
1_enoch,ch10_judgment,God's judgment commands to the archangels -- imperative-heavy oracle,17,Destroy all wrong from the face of the earth and let every evil work come to an end: and let the plant of righteousness and truth appear: and it shall prove a blessing,prophetic,prophetic,law-wisdom,prophetic
1_enoch,ch10_judgment,God's judgment commands to the archangels -- imperative-heavy oracle,18,the works of righteousness and truth shall be planted in truth and joy for evermore,prophetic,prophetic,prophetic,prophetic
1_enoch,ch10_judgment,God's judgment commands to the archangels -- imperative-heavy oracle,19,"17 And then shall all the righteous escape, And shall live till they beget thousands of children, And all the days of their youth and their old age Shall they complete in peace",prophetic,prophetic,prophetic,prophetic
1_enoch,ch10_judgment,God's judgment commands to the archangels -- imperative-heavy oracle,20,"18 And then shall the whole earth be tilled in righteousness, and shall all be planted with trees and be full of blessing",prophetic,prophetic,prophetic,prophetic
1_enoch,ch10_judgment,God's judgment commands to the archangels -- imperative-heavy oracle,21,"And all desirable trees shall be planted on it, and they shall plant vines on it: and the vine which they plant thereon shall yield wine in abundance, and as for all the seed which is sown thereon each measure (of it) shall bear a thousand, and each measure of olives shall yield ten presses of oil",prophetic,prophetic,prophetic,prophetic
1_enoch,ch10_judgment,God's judgment commands to the archangels -- imperative-heavy oracle,22,"And cleanse thou the earth from all oppression, and from all unrighteousness, and from all sin, and from all godlessness: and all the uncleanness that is wrought upon the earth destroy from off the earth",prophetic,law-wisdom,narrative,law-wisdom
1_enoch,ch10_judgment,God's judgment commands to the archangels -- imperative-heavy oracle,23,"And all the children of men shall become righteous , and all nations shall offer adoration and shall praise Me, and all shall worship Me",law-wisdom,prophetic,prophetic,prophetic
1_enoch,ch10_judgment,God's judgment commands to the archangels -- imperative-heavy oracle,24,"And the earth shall be cleansed from all defilement, and from all sin, and from all punishment, and from all torment, and I will never again send (them) upon it from generation to generation and for ever",prophetic,prophetic,narrative,prophetic
1_enoch,ch14_throne_vision,Enoch's throne-vision -- apocalyptic narrative,0,"The book of the words of righteousness, and of the reprimand of the eternal Watchers in accordance with the command of the Holy Great One in that vision",prophetic,law-wisdom,narrative,law-wisdom
1_enoch,ch14_throne_vision,Enoch's throne-vision -- apocalyptic narrative,1,I saw in my sleep what I will now say with a tongue of flesh and with the breath of my mouth: which the Great One has given to men to converse therewith and understand with the heart,narrative,narrative,narrative,narrative
1_enoch,ch14_throne_vision,Enoch's throne-vision -- apocalyptic narrative,2,"As He has created and given to man the power of understanding the word of wisdom, so hath He created me also and given me the power of reprimanding the Watchers, the children of heaven",prophetic,narrative,narrative,narrative
1_enoch,ch14_throne_vision,Enoch's throne-vision -- apocalyptic narrative,3,"I wrote out your petition, and in my vision it appeared thus, that your petition will not be granted unto you throughout all the days of eternity, and that judgement has been finally passed upon you: yea (your petition) will not be granted unto you",law-wisdom,prophetic,prophetic,prophetic
1_enoch,ch14_throne_vision,Enoch's throne-vision -- apocalyptic narrative,4,"And from henceforth you shall not ascend into heaven unto all eternity, and in bonds of the earth the decree has gone forth to bind you for all the days of the world",law-wisdom,prophetic,law-wisdom,narrative
1_enoch,ch14_throne_vision,Enoch's throne-vision -- apocalyptic narrative,5,"And (that) previously you shall have seen the destruction of your beloved sons and ye shall have no pleasure in them, but they shall fall before you by the sword",law-wisdom,law-wisdom,prophetic,prophetic
1_enoch,ch14_throne_vision,Enoch's throne-vision -- apocalyptic narrative,6,"And your petition on their behalf shall not be granted, nor yet on your own: even though you weep and pray and speak all the words contained in the writing which I have written",prophetic,narrative,narrative,narrative
1_enoch,ch14_throne_vision,Enoch's throne-vision -- apocalyptic narrative,7,"And the vision was shown to me thus: Behold, in the vision clouds invited me and a mist summoned me, and the course of the stars and the lightnings sped and hastened me, and the winds in the vision caused me to fly and lifted me upward, and bore me into heaven",narrative,narrative,narrative,narrative
1_enoch,ch14_throne_vision,Enoch's throne-vision -- apocalyptic narrative,8,And I went in till I drew nigh to a wall which is built of crystals and surrounded by tongues of fire: and it began to affright me,narrative,narrative,narrative,narrative
1_enoch,ch14_throne_vision,Enoch's throne-vision -- apocalyptic narrative,9,"And I went into the tongues of fire and drew nigh to a large house which was built of crystals: and the walls of the house were like a tesselated floor (made) of crystals, and its groundwork was of crystal",narrative,narrative,narrative,narrative
1_enoch,ch14_throne_vision,Enoch's throne-vision -- apocalyptic narrative,10,"Its ceiling was like the path of the stars and the lightnings, and between them were fiery cherubim, and their heaven was (clear as) water",prophetic,law-wisdom,law-wisdom,narrative
1_enoch,ch14_throne_vision,Enoch's throne-vision -- apocalyptic narrative,11,"A flaming fire surrounded the walls, and its portals blazed with fire",law-wisdom,law-wisdom,law-wisdom,law-wisdom
1_enoch,ch14_throne_vision,Enoch's throne-vision -- apocalyptic narrative,12,"And I entered into that house, and it was hot as fire and cold as ice: there were no delights of life therein: fear covered me, and trembling got hold upon me",prophetic,narrative,narrative,narrative
1_enoch,ch14_throne_vision,Enoch's throne-vision -- apocalyptic narrative,13,"And as I quaked and trembled, I fell upon my face",prophetic,narrative,narrative,prophetic
1_enoch,ch14_throne_vision,Enoch's throne-vision -- apocalyptic narrative,14,"And I beheld a vision, And lo",narrative,prophetic,prophetic,prophetic
1_enoch,ch14_throne_vision,Enoch's throne-vision -- apocalyptic narrative,15,"there was a second house, greater than the former, and the entire portal stood open before me, and it was built of flames of fire",narrative,prophetic,law-wisdom,prophetic
1_enoch,ch14_throne_vision,Enoch's throne-vision -- apocalyptic narrative,16,And in every respect it so excelled in splendour and magnificence and extent that I cannot describe to you its splendour and its extent,narrative,law-wisdom,narrative,narrative
1_enoch,ch14_throne_vision,Enoch's throne-vision -- apocalyptic narrative,17,"And its floor was of fire, and above it were lightnings and the path of the stars, and its ceiling also was flaming fire",narrative,narrative,narrative,narrative
1_enoch,ch14_throne_vision,Enoch's throne-vision -- apocalyptic narrative,18,"And I looked and saw therein a lofty throne: its appearance was as crystal, and the wheels thereof as the shining sun, and there was the vision of cherubim",prophetic,narrative,narrative,narrative
1_enoch,ch14_throne_vision,Enoch's throne-vision -- apocalyptic narrative,19,And from underneath the throne came streams of flaming fire so that I could not look thereon,narrative,prophetic,narrative,narrative
1_enoch,ch14_throne_vision,Enoch's throne-vision -- apocalyptic narrative,20,"And the Great Glory sat thereon, and His raiment shone more brightly than the sun and was whiter than any snow",narrative,narrative,narrative,narrative
1_enoch,ch14_throne_vision,Enoch's throne-vision -- apocalyptic narrative,21,None of the angels could enter and could behold His face by reason of the magnificence and glory and no flesh could behold Him,narrative,prophetic,narrative,narrative
1_enoch,ch14_throne_vision,Enoch's throne-vision -- apocalyptic narrative,22,"The flaming fire was round about Him, and a great fire stood before Him, and none around could draw nigh Him: ten thousand times ten thousand (stood) before Him, yet He needed no counselor",narrative,narrative,narrative,narrative
1_enoch,ch14_throne_vision,Enoch's throne-vision -- apocalyptic narrative,23,And the most holy ones who were nigh to Him did not leave by night nor depart from Him,prophetic,narrative,narrative,narrative
1_enoch,ch14_throne_vision,Enoch's throne-vision -- apocalyptic narrative,24,"And until then I had been prostrate on my face, trembling: and the Lord called me with His own mouth, and said to me: 'Come hither, Enoch, and hear my word",narrative,narrative,narrative,narrative
1_enoch,ch14_throne_vision,Enoch's throne-vision -- apocalyptic narrative,25,"And one of the holy ones came to me and waked me , and He made me rise up and approach the door: and I bowed my face downwards",narrative,narrative,narrative,narrative
1_enoch,ch94_woes,'Woes for the Sinners' -- parallel structure to Isaiah 5's woe oracles,0,Woe to those who build unrighteousness and oppression And lay deceit as a foundation,law-wisdom,law-wisdom,law-wisdom,prophetic
1_enoch,ch94_woes,'Woes for the Sinners' -- parallel structure to Isaiah 5's woe oracles,1,"For they shall be suddenly overthrown, And they shall have no peace",prophetic,prophetic,prophetic,prophetic
1_enoch,ch94_woes,'Woes for the Sinners' -- parallel structure to Isaiah 5's woe oracles,2,Woe to those who build their houses with sin,prophetic,law-wisdom,law-wisdom,law-wisdom
1_enoch,ch94_woes,'Woes for the Sinners' -- parallel structure to Isaiah 5's woe oracles,3,"For from all their foundations shall they be overthrown, And by the sword shall they fall",prophetic,prophetic,prophetic,prophetic
1_enoch,ch94_woes,'Woes for the Sinners' -- parallel structure to Isaiah 5's woe oracles,4,And those who acquire gold and silver in judgement suddenly shall perish,law-wisdom,prophetic,prophetic,prophetic
1_enoch,ch94_woes,'Woes for the Sinners' -- parallel structure to Isaiah 5's woe oracles,5,"Woe to you, ye rich, for ye have trusted in your riches, And from your riches shall ye depart, Because ye have not remembered the Most High in the days of your riches",prophetic,law-wisdom,law-wisdom,law-wisdom
1_enoch,ch94_woes,'Woes for the Sinners' -- parallel structure to Isaiah 5's woe oracles,6,"Ye have committed blasphemy and unrighteousness, And have become ready for the day of slaughter, And the day of darkness and the day of the great judgement",prophetic,law-wisdom,law-wisdom,law-wisdom
1_enoch,ch94_woes,'Woes for the Sinners' -- parallel structure to Isaiah 5's woe oracles,7,"Thus I speak and declare unto you: He who hath created you will overthrow you, And for your fall there shall be no compassion, And your Creator will rejoice at your destruction",prophetic,prophetic,prophetic,prophetic
1_enoch,ch94_woes,'Woes for the Sinners' -- parallel structure to Isaiah 5's woe oracles,8,And your righteous ones in those days shall be A reproach to the sinners and the godless,law-wisdom,law-wisdom,law-wisdom,law-wisdom
sibylline_oracles,book1_creation,creation of the world and the Fall -- narrative,0,"BEGINNING with the generation first Of mortal men down to the very last I'll prophesy each thing: what erst has been, And what is now, and what shall yet befall 5 The world through the impiety of men",narrative,narrative,narrative,narrative
sibylline_oracles,book1_creation,creation of the world and the Fall -- narrative,1,First now God urges on me to relate Truly how into being came the world,narrative,narrative,narrative,narrative
sibylline_oracles,book1_creation,creation of the world and the Fall -- narrative,2,"And thou, shrewd mortal, prudently make known, Lest ever thou should'st my commands neglect, 10 The King most high, who brought into existence The whole world, saying, ""Let there be,"" and there was",narrative,narrative,narrative,narrative
sibylline_oracles,book1_creation,creation of the world and the Fall -- narrative,3,"For he the earth established, placing it Round about Tartarus, and he himself (1-10",law-wisdom,narrative,narrative,narrative
sibylline_oracles,book1_creation,creation of the world and the Fall -- narrative,4,"he raised the heaven on high, 15 Spread out the gleaming sea, and crowned the sky With an abundance of bright-shining stars, And decked the earth with plants, and mingled sea With rivers, and the air with zephyrs mixed And watery clouds",narrative,narrative,narrative,narrative
sibylline_oracles,book1_creation,creation of the world and the Fall -- narrative,5,"and then, another race 20 Appointing, he gave fishes to the seas And birds unto the winds, and to the woods The beasts of shaggy neck, and snakes that crawl, And all things which now on the earth appear",narrative,narrative,narrative,narrative
sibylline_oracles,book1_creation,creation of the world and the Fall -- narrative,6,"These by his word he made, and every thing 25 Was speedily and with precision done",prophetic,narrative,narrative,narrative
sibylline_oracles,book1_creation,creation of the world and the Fall -- narrative,7,For he was self-caused and from heaven looked down And finished was the world exceeding well,narrative,narrative,narrative,narrative
sibylline_oracles,book1_creation,creation of the world and the Fall -- narrative,8,"And then thereafter fashioned he again A living product, copying a new man 30 From his own image, beautiful, divine, And bade him in ambrosial garden dwell, That labors beautiful might be his care",prophetic,narrative,law-wisdom,narrative
sibylline_oracles,book1_creation,creation of the world and the Fall -- narrative,9,"But in that fertile field of Paradise He longed for conversation, being alone, 35 And prayed that he might see another form Such as he had",narrative,narrative,narrative,narrative
sibylline_oracles,book1_creation,creation of the world and the Fall -- narrative,10,"And forthwith, from man's side Taking a bone, God himself made fair Eve, A wedded spouse, and in that Paradise Gave her to dwell with him",prophetic,narrative,narrative,narrative
sibylline_oracles,book1_creation,creation of the world and the Fall -- narrative,11,"And, when he gazed 40 Upon her, on a sudden filled with joy Great admiration held his soul, he saw A pattern so exact",narrative,narrative,narrative,narrative
sibylline_oracles,book1_creation,creation of the world and the Fall -- narrative,12,and with wise words Spontaneous flowing answered he in turn For God had care for all things,narrative,law-wisdom,law-wisdom,law-wisdom
sibylline_oracles,book1_creation,creation of the world and the Fall -- narrative,13,"For the mind 45 They darkened not with passion, nor concealed Their nakedness, but with hearts far from evil (11-36",prophetic,narrative,narrative,narrative
sibylline_oracles,book1_creation,creation of the world and the Fall -- narrative,14,) Even like wild beasts they walked with limbs exposed,prophetic,prophetic,prophetic,prophetic
sibylline_oracles,book1_creation,creation of the world and the Fall -- narrative,15,And afterwards delivering them commands God showed them not to touch a certain tree,law-wisdom,law-wisdom,law-wisdom,law-wisdom
sibylline_oracles,book1_creation,creation of the world and the Fall -- narrative,16,50 But the dread serpent drew them off by guile To go away unto the fate of death And to gain knowledge of both good and evil,narrative,narrative,narrative,narrative
sibylline_oracles,book1_creation,creation of the world and the Fall -- narrative,17,But the wife then first traitress proved to God,prophetic,law-wisdom,law-wisdom,law-wisdom
sibylline_oracles,book1_creation,creation of the world and the Fall -- narrative,18,"She gave, and urged the unknowing man to sin",law-wisdom,law-wisdom,law-wisdom,law-wisdom
sibylline_oracles,book1_creation,creation of the world and the Fall -- narrative,19,"55 And he, persuaded by the woman's words, Forgot the immortal Maker utterly, And treated plain commandments with neglect",narrative,law-wisdom,narrative,narrative
sibylline_oracles,book1_creation,creation of the world and the Fall -- narrative,20,"Therefore, instead of good, received they evil According to their deed",prophetic,prophetic,prophetic,prophetic
sibylline_oracles,book1_prophecy_of_christ,the 'Prophecy of Christ' section -- third-person future-tense messianic oracle,0,"Then also shall a child of the great God Come, clothed in flesh, to men, and fashioned like 395 To mortals in the earth",law-wisdom,narrative,narrative,narrative
sibylline_oracles,book1_prophecy_of_christ,the 'Prophecy of Christ' section -- third-person future-tense messianic oracle,1,") Four vowels, and two consonants in him Are twice announced",prophetic,narrative,narrative,narrative
sibylline_oracles,book1_prophecy_of_christ,the 'Prophecy of Christ' section -- third-person future-tense messianic oracle,2,"the whole sum I will name: For eight ones, and as many tens on these, And yet eight hundred will reveal the name 400 To men insatiate",prophetic,narrative,narrative,narrative
sibylline_oracles,book1_prophecy_of_christ,the 'Prophecy of Christ' section -- third-person future-tense messianic oracle,3,and do thou discern In thine own understanding that the Christ Is child of the immortal God most high,law-wisdom,law-wisdom,law-wisdom,law-wisdom
sibylline_oracles,book1_prophecy_of_christ,the 'Prophecy of Christ' section -- third-person future-tense messianic oracle,4,"And he shall fulfill God's law, not destroy, Bearing his very image, and all things 405 Shall he teach",law-wisdom,law-wisdom,prophetic,prophetic
sibylline_oracles,book1_prophecy_of_christ,the 'Prophecy of Christ' section -- third-person future-tense messianic oracle,5,"Unto him shall priests convey And offer gold, and myrrh, and frankincense",prophetic,prophetic,prophetic,prophetic
sibylline_oracles,book1_prophecy_of_christ,the 'Prophecy of Christ' section -- third-person future-tense messianic oracle,6,For all these things he'll also bring to pass,law-wisdom,law-wisdom,narrative,law-wisdom
sibylline_oracles,book1_prophecy_of_christ,the 'Prophecy of Christ' section -- third-person future-tense messianic oracle,7,") Then on a sudden there shall be a sign To mortals, when, watched over, there shall come Out of the land of Egypt a fair stone",prophetic,prophetic,prophetic,prophetic
sibylline_oracles,book1_prophecy_of_christ,the 'Prophecy of Christ' section -- third-person future-tense messianic oracle,8,420 And on it shall the Hebrew people stumble,law-wisdom,law-wisdom,narrative,prophetic
sibylline_oracles,book1_prophecy_of_christ,the 'Prophecy of Christ' section -- third-person future-tense messianic oracle,9,But by his guiding nations shall be brought Together,prophetic,prophetic,prophetic,prophetic
sibylline_oracles,book1_prophecy_of_christ,the 'Prophecy of Christ' section -- third-person future-tense messianic oracle,10,"for the God who rules on high They also shall know through him, and the way In common light",narrative,prophetic,prophetic,prophetic
sibylline_oracles,book1_prophecy_of_christ,the 'Prophecy of Christ' section -- third-person future-tense messianic oracle,11,"For unto chosen men 425 Will he show life eternal, but the fire Will be for ages on the lawless bring",prophetic,prophetic,prophetic,prophetic
sibylline_oracles,book1_prophecy_of_christ,the 'Prophecy of Christ' section -- third-person future-tense messianic oracle,12,"And then shall he the sickly heal, and all Who are blameworthy who shall trust in him",prophetic,prophetic,prophetic,prophetic
sibylline_oracles,book1_prophecy_of_christ,the 'Prophecy of Christ' section -- third-person future-tense messianic oracle,13,"And then the blind shall see, the lame shall walk, 430 The deaf shall hearken, and the dumb shall speak",law-wisdom,prophetic,prophetic,law-wisdom
sibylline_oracles,book1_prophecy_of_christ,the 'Prophecy of Christ' section -- third-person future-tense messianic oracle,14,"Demons shall he drive out, and of the dead There shall be an uprising",prophetic,law-wisdom,prophetic,prophetic
sibylline_oracles,book1_prophecy_of_christ,the 'Prophecy of Christ' section -- third-person future-tense messianic oracle,15,on the waves Shall he walk,law-wisdom,prophetic,prophetic,law-wisdom
sibylline_oracles,book1_prophecy_of_christ,the 'Prophecy of Christ' section -- third-person future-tense messianic oracle,16,"also in a desert place Shall he five thousand satisfy with food 435 From five loaves and a fish out of the sea, And with the remnants of them, for the hope Of peoples, shall he fill twelve baskets full",law-wisdom,narrative,narrative,narrative
sibylline_oracles,book3_oracle_against_idolatry,the Sibyl's own first-person oracle proclamation against idolatry,0,"O THOU high-thundering blessed heavenly One, Who hast set in their place the cherubim, I, who have uttered what is all too true, Entreat thee, let me have a little rest",narrative,narrative,prophetic,narrative
sibylline_oracles,book3_oracle_against_idolatry,the Sibyl's own first-person oracle proclamation against idolatry,1,5 For my heart has grown weary from within,prophetic,narrative,narrative,narrative
sibylline_oracles,book3_oracle_against_idolatry,the Sibyl's own first-person oracle proclamation against idolatry,2,"But why again leaps my heart, and my soul With a whip smitten from within constrained To utter forth its message unto all",prophetic,narrative,narrative,narrative
sibylline_oracles,book3_oracle_against_idolatry,the Sibyl's own first-person oracle proclamation against idolatry,3,But yet again will I proclaim all things 10 Which God commands me to proclaim to men,prophetic,prophetic,narrative,prophetic
sibylline_oracles,book3_oracle_against_idolatry,the Sibyl's own first-person oracle proclamation against idolatry,4,"O men, that in your image have a form Fashioned of God, why do ye vainly stray (1-9",law-wisdom,narrative,narrative,narrative
sibylline_oracles,book3_oracle_against_idolatry,the Sibyl's own first-person oracle proclamation against idolatry,5,") And walk not in the straight way, always mindful Of the immortal Maker",law-wisdom,law-wisdom,law-wisdom,law-wisdom
sibylline_oracles,book3_oracle_against_idolatry,the Sibyl's own first-person oracle proclamation against idolatry,6,"God is one, 15 Sovereign, ineffable, dwelling in heaven, The self-existent and invisible, Himself alone beholding everything",law-wisdom,law-wisdom,narrative,narrative
sibylline_oracles,book3_oracle_against_idolatry,the Sibyl's own first-person oracle proclamation against idolatry,7,"Him sculptor's hand made not, nor is his form Shown by man's art from gold or ivory",prophetic,law-wisdom,law-wisdom,narrative
sibylline_oracles,book3_oracle_against_idolatry,the Sibyl's own first-person oracle proclamation against idolatry,8,"20 But he, eternal Lord, proclaims himself As one who is and was erst and shall be Again hereafter",prophetic,narrative,narrative,narrative
sibylline_oracles,book3_oracle_against_idolatry,the Sibyl's own first-person oracle proclamation against idolatry,9,For who being mortal Can see God with his eyes,prophetic,prophetic,narrative,prophetic
sibylline_oracles,book3_oracle_against_idolatry,the Sibyl's own first-person oracle proclamation against idolatry,10,"Or who shall bear To hear the only name of heaven's great God, 25 The ruler of the world",law-wisdom,law-wisdom,law-wisdom,law-wisdom
sibylline_oracles,book3_oracle_against_idolatry,the Sibyl's own first-person oracle proclamation against idolatry,11,"He by his word Created all things, even heaven and sea, And tireless sun, and full moon and bright stars, And mighty mother Tethys, springs and rivers, Imperishable fire, and days and nights",narrative,narrative,law-wisdom,narrative
sibylline_oracles,book3_woe_babylon,'Woe on Babylon' -- direct second-person judgment address,0,How many lamentable sufferings 370 The Immortal purposed upon Babylon Because she his great temple had destroyed,narrative,law-wisdom,narrative,prophetic
sibylline_oracles,book3_woe_babylon,'Woe on Babylon' -- direct second-person judgment address,1,"O Babylon, And for the offspring of the Assyrian men",law-wisdom,law-wisdom,law-wisdom,law-wisdom
sibylline_oracles,book3_woe_babylon,'Woe on Babylon' -- direct second-person judgment address,2,"Through all the earth the rush of sinful men 375 Shall some time come, and shout of mortal men And stroke of the great God, who inspires songs, Shall ruin every land",law-wisdom,prophetic,law-wisdom,law-wisdom
sibylline_oracles,book3_woe_babylon,'Woe on Babylon' -- direct second-person judgment address,3,"For high in air to thee O Babylon, shall it come from above, And out of heaven from holy ones to thee 380 Shall it come down, and the soul in thy children Shall the Eternal utterly destroy",law-wisdom,prophetic,prophetic,prophetic
sibylline_oracles,book3_woe_babylon,'Woe on Babylon' -- direct second-person judgment address,4,"And then shalt thou be, as thou wast before, As one not born",prophetic,narrative,narrative,narrative
sibylline_oracles,book3_woe_babylon,'Woe on Babylon' -- direct second-person judgment address,5,"and then shalt thou be filled Again with blood, as thou thyself before 385 Didst shed that of good, just, and holy men, Whose blood yet cries out to the lofty heaven",prophetic,narrative,narrative,narrative
bahman_yasht,ch1_zoroaster_dream,"Zoroaster's dream of the four-branched tree, and his report of it -- narrative",0,"Thereupon he reflected in this way , that this was seen in a dream, and when he arose from sleep Zaratû s t spoke thus: 'Lord of the spirits and earthly existences",narrative,narrative,narrative,narrative
bahman_yasht,ch1_zoroaster_dream,"Zoroaster's dream of the four-branched tree, and his report of it -- narrative",1,"it appears that I saw the root of a tree, on which were four branches",prophetic,narrative,narrative,narrative
bahman_yasht,ch1_ahuramazda_oracle,Ahura Mazda's first-person prophecy of the four ages,0,"Aûharmazd spoke to Zaratû s t the Spîtâmân thus: 'That root of a tree which thou sawest, and those four branches, are the four periods which will come",narrative,narrative,law-wisdom,narrative
bahman_yasht,ch1_ahuramazda_oracle,Ahura Mazda's first-person prophecy of the four ages,1,"That of gold is when I and thou converse, and King Vi s tâsp shall accept the religion, and shall demolish the figures of the demons, but they themselves remain for",prophetic,prophetic,prophetic,prophetic
bahman_yasht,final_resurrection_oracle,"Ahura Mazda's first-person eschatological resurrection/renovation oracle, the book's climax",0,"‘And, afterwards, the water, fire, and vegetation stand before Aûharmazd the lord in lamentation, and make this complaint: ""Make Frê d ûn alive again",narrative,narrative,narrative,narrative
bahman_yasht,final_resurrection_oracle,"Ahura Mazda's first-person eschatological resurrection/renovation oracle, the book's climax",1,so that he may destroy A z -i Dahâk,narrative,narrative,narrative,prophetic
bahman_yasht,final_resurrection_oracle,"Ahura Mazda's first-person eschatological resurrection/renovation oracle, the book's climax",2,"for if thou, O Aûharmazd",narrative,prophetic,prophetic,prophetic
bahman_yasht,final_resurrection_oracle,"Ahura Mazda's first-person eschatological resurrection/renovation oracle, the book's climax",3,"dost not do this, we cannot exist in the world",law-wisdom,law-wisdom,law-wisdom,prophetic
bahman_yasht,final_resurrection_oracle,"Ahura Mazda's first-person eschatological resurrection/renovation oracle, the book's climax",4,the fire says thus: I will not heat,prophetic,prophetic,prophetic,law-wisdom
bahman_yasht,final_resurrection_oracle,"Ahura Mazda's first-person eschatological resurrection/renovation oracle, the book's climax",5,and the water says thus: I will not flow,prophetic,prophetic,prophetic,prophetic
bahman_yasht,final_resurrection_oracle,"Ahura Mazda's first-person eschatological resurrection/renovation oracle, the book's climax",6,"‘And then I, Aûharmazd the creator, say to Srôsh and Nêryôsang the angel: ""Shake the body of Keresâsp the Sâmân, till he rises up",narrative,narrative,narrative,narrative
bahman_yasht,final_resurrection_oracle,"Ahura Mazda's first-person eschatological resurrection/renovation oracle, the book's climax",7,'Then Srôsh and Nêryôsang the angel go to Keresâsp,narrative,narrative,narrative,narrative
bahman_yasht,final_resurrection_oracle,"Ahura Mazda's first-person eschatological resurrection/renovation oracle, the book's climax",8,"three times they utter a cry, and the fourth time Sâm rises up with triumph, and goes to meet A z -i Dahâk",narrative,narrative,narrative,narrative
bahman_yasht,final_resurrection_oracle,"Ahura Mazda's first-person eschatological resurrection/renovation oracle, the book's climax",9,"And Sâm does not listen to his words, and the triumphant club strikes him on the head, and smites and kills him",narrative,narrative,narrative,narrative
bahman_yasht,final_resurrection_oracle,"Ahura Mazda's first-person eschatological resurrection/renovation oracle, the book's climax",10,"afterwards, desolation and adversity depart from this world, while I make a beginning of the millennium",narrative,law-wisdom,law-wisdom,law-wisdom
bahman_yasht,final_resurrection_oracle,"Ahura Mazda's first-person eschatological resurrection/renovation oracle, the book's climax",11,"Then Sôshyans makes the creatures again pure, and the resurrection and future existence occur",prophetic,law-wisdom,law-wisdom,law-wisdom
bahman_yasht,final_resurrection_oracle,"Ahura Mazda's first-person eschatological resurrection/renovation oracle, the book's climax",12,"May the end be in peace, pleasure, and joy, by the will of God (yazdânŏ)",narrative,prophetic,law-wisdom,law-wisdom
bahman_yasht,final_resurrection_oracle,"Ahura Mazda's first-person eschatological resurrection/renovation oracle, the book's climax",13,even more so may it be,narrative,narrative,narrative,narrative
