corpus,pericope_id,note,text,fw_the,fw_and,fw_of,fw_to,fw_that,fw_in,fw_he,fw_shall,fw_for,fw_unto,fw_his,fw_i,fw_a,fw_not,fw_be,fw_they,fw_it,fw_is,fw_with,fw_him,fw_them,fw_but,fw_as,fw_have,fw_was,fw_which,fw_all,fw_my,fw_thou,fw_me,fw_their,fw_ye,fw_you,fw_this,fw_will,fw_from,fw_are,fw_were,fw_by,fw_we,fw_her,fw_she,fw_or,fw_when,fw_then,fw_out,fw_up,fw_upon,fw_so,fw_if,fw_at,fw_on,fw_what,fw_there,fw_no,fw_man,fw_now,fw_also,fw_more,fw_before,fw_because,fw_into,fw_after,fw_can,fw_may,fw_might,fw_do,fw_did,fw_done,fw_had,fw_has,fw_been,fw_am,fw_art,fw_hath,fw_thee,fw_thy,fw_your,fw_our,fw_us,fw_who,fw_whom,fw_whose,fw_any,fw_every,fw_none,fw_both,fw_such,fw_same,fw_other,fw_another,fw_therefore,fw_wherefore,fw_yet,fw_neither,fw_nor,fw_either,fw_while,fw_until,fw_against,fw_among,fw_through,fw_over,fw_under,fw_between,avg_sent_len,std_sent_len,avg_word_len,ttr,ttr_guiraud,n_words,divine_speech_formula,second_person_density,vocative_density,future_modal_density,pos_adj,pos_adp,pos_adv,pos_aux,pos_cconj,pos_det,pos_intj,pos_noun,pos_num,pos_part,pos_pron,pos_propn,pos_sconj,pos_verb,imperative_density
1_enoch,ch1_theophany,Enoch's opening blessing/judgment theophany -- the passage Jude 1:14-15 quotes,"CHAPTER I. 1. The words of the blessing of Enoch, wherewith he blessed the elect and righteous, who will be living in the day of tribulation, when all the wicked and godless are to be removed. 2. And he took up his parable and said--Enoch a righteous man, whose eyes were opened by God, saw the vision of the Holy One in the heavens, which the angels showed me, and from them I heard everything, and from them I understood as I saw, but not for this generation, but for a remote one which is for to come. 3. Concerning the elect I said, and took up my parable concerning them: The Holy Great One will come forth from His dwelling, 4. And the eternal God will tread upon the earth, (even) on Mount Sinai, And appear from His camp And appear in the strength of His might from the heaven of heavens. 5. And all shall be smitten with fear And the Watchers shall quake, And great fear and trembling shall seize them unto the ends of the earth. 6. And the high mountains shall be shaken, And the high hills shall be made low, And shall melt like wax before the flame 7. And the earth shall be wholly rent in sunder, And all that is upon the earth shall perish, And there shall be a judgement upon all (men). 8. But with the righteous He will make peace. And will protect the elect, And mercy shall be upon them. And they shall all belong to God, And they shall be prospered, And they shall all be blessed. And He will help them all , And light shall appear unto them, And He will make peace with them . 9. And behold! He cometh with ten thousands of His holy ones To execute judgement upon all, And to destroy all the ungodly: And to convict all flesh Of all the works of their ungodliness which they have ungodly committed, And of all the hard things which ungodly sinners have spoken against Him.",83.8323353293413,95.80838323353294,32.93413173652695,17.964071856287426,2.9940119760479043,11.976047904191617,17.964071856287426,41.91616766467065,8.982035928143713,5.9880239520958085,14.970059880239521,14.970059880239521,8.982035928143713,2.9940119760479043,29.940119760479043,11.976047904191617,0.0,5.9880239520958085,11.976047904191617,2.9940119760479043,23.952095808383234,8.982035928143713,2.9940119760479043,5.9880239520958085,0.0,11.976047904191617,35.92814371257485,2.9940119760479043,0.0,2.9940119760479043,2.9940119760479043,0.0,0.0,2.9940119760479043,20.958083832335326,14.970059880239521,2.9940119760479043,2.9940119760479043,2.9940119760479043,0.0,0.0,0.0,0.0,2.9940119760479043,0.0,0.0,5.9880239520958085,14.970059880239521,0.0,0.0,0.0,2.9940119760479043,0.0,2.9940119760479043,0.0,2.9940119760479043,0.0,0.0,0.0,2.9940119760479043,0.0,0.0,0.0,0.0,0.0,2.9940119760479043,0.0,0.0,0.0,0.0,0.0,0.0,0.0,0.0,0.0,0.0,0.0,0.0,0.0,0.0,2.9940119760479043,0.0,2.9940119760479043,0.0,0.0,0.0,0.0,0.0,0.0,0.0,0.0,0.0,0.0,0.0,0.0,0.0,0.0,0.0,0.0,2.9940119760479043,0.0,0.0,0.0,0.0,0.0,15.904761904761905,17.42714019624279,4.1467065868263475,0.41916167664670656,7.660459172304159,334,0,0.0,0.0,62.874251497005986,0.04081632653061224,0.10787172011661808,0.026239067055393587,0.11078717201166181,0.10204081632653061,0.11078717201166181,0.0,0.13702623906705538,0.011661807580174927,0.01749271137026239,0.1282798833819242,0.04956268221574344,0.01749271137026239,0.12244897959183673,0.0
1_enoch,ch6-7_watchers,the Watchers descend and take wives -- narrative,"CHAPTER VI. 1. And it came to pass when the children of men had multiplied that in those days were born unto them beautiful and comely daughters. 2. And the angels, the children of the heaven, saw and lusted after them, and said to one another: 'Come, let us choose us wives from among the children of men and beget us children.' 3. And Semjâzâ, who was their leader, said unto them: 'I fear ye will not indeed agree to do this deed, and I alone shall have to pay the penalty of a great sin.' 4. And they all answered him and said: 'Let us all swear an oath, and all bind ourselves by mutual imprecations not to abandon this plan but to do this thing.' 5. Then sware they all together and bound themselves by mutual imprecations upon it. 6. And they were in all two hundred; who descended in the days of Jared on the summit of Mount Hermon, and they called it Mount Hermon, because they had sworn and bound themselves by mutual imprecations upon it. 7. And these are the names of their leaders: Sêmîazâz, their leader, Arâkîba, Râmêêl, Kôkabîêl, Tâmîêl, Râmîêl, Dânêl, Êzêqêêl, Barâqîjâl, Asâêl, Armârôs, Batârêl, Anânêl, Zaqîêl, Samsâpêêl, Satarêl, Tûrêl, Jômjâêl, Sariêl. 8. These are their chiefs of tens. CHAPTER VII. 1. And all the others together with them took unto themselves wives, and each chose for himself one, and they began to go in unto them and to defile themselves with them, and they taught them charms and enchantments, and the cutting of roots, and made them acquainted with plants. 2. And they became pregnant, and they bare great giants, whose height was three thousand ells: 3. Who consumed all the acquisitions of men. And when men could no longer sustain them, 4. the giants turned against them and devoured mankind. 5. And they began to sin against birds, and beasts, and reptiles, and fish, and to devour one another's flesh, and drink the blood. 6. Then the earth laid accusation against the lawless ones.",43.596730245231605,92.64305177111716,27.247956403269754,27.247956403269754,2.7247956403269753,10.899182561307901,0.0,2.7247956403269753,2.7247956403269753,10.899182561307901,0.0,5.449591280653951,2.7247956403269753,5.449591280653951,0.0,27.247956403269754,10.899182561307901,0.0,8.174386920980925,2.7247956403269753,27.247956403269754,2.7247956403269753,2.7247956403269753,2.7247956403269753,5.449591280653951,0.0,19.07356948228883,0.0,0.0,0.0,10.899182561307901,2.7247956403269753,0.0,8.174386920980925,2.7247956403269753,2.7247956403269753,5.449591280653951,5.449591280653951,8.174386920980925,0.0,0.0,0.0,0.0,5.449591280653951,5.449591280653951,0.0,0.0,5.449591280653951,0.0,0.0,0.0,2.7247956403269753,0.0,0.0,2.7247956403269753,0.0,0.0,0.0,0.0,0.0,2.7247956403269753,0.0,2.7247956403269753,0.0,0.0,0.0,5.449591280653951,0.0,0.0,5.449591280653951,0.0,0.0,0.0,0.0,0.0,0.0,0.0,0.0,0.0,10.899182561307901,8.174386920980925,0.0,2.7247956403269753,0.0,0.0,0.0,0.0,0.0,0.0,0.0,2.7247956403269753,0.0,0.0,0.0,0.0,0.0,0.0,0.0,0.0,8.174386920980925,2.7247956403269753,0.0,0.0,0.0,0.0,12.233333333333333,16.491782465485315,3.9373297002724796,0.4904632152588556,9.39592351749385,367,0,2.7247956403269753,0.0,5.449591280653951,0.028985507246376812,0.0927536231884058,0.02608695652173913,0.03188405797101449,0.10144927536231885,0.0782608695652174,0.0,0.15072463768115943,0.02608695652173913,0.034782608695652174,0.1565217391304348,0.08405797101449275,0.014492753623188406,0.1391304347826087,0.0
1_enoch,ch10_judgment,God's judgment commands to the archangels -- imperative-heavy oracle,"CHAPTER X. 1. Then said the Most High, the Holy and Great One spake, and sent Uriel to the son of Lamech, and said to him: 2. ' 〈 Go to Noah 〉 and tell him in my name ""Hide thyself!"" and reveal to him the end that is approaching: that the whole earth will be destroyed, and a deluge is about to come upon the whole earth, and will destroy all that is on it. 3. And now instruct him that he may escape and his seed may be preserved for all the generations of the world.' 4. And again the Lord said to Raphael: 'Bind Azâzêl hand and foot, and cast him into the darkness: and make an opening in the desert, which is in Dûdâêl, and cast him therein. 5. And place upon him rough and jagged rocks, and cover him with darkness, and let him abide there for ever, and cover his face that he may not see light. 6. And on the day of the great judgement he shall be cast into the fire. And heal the earth which the angels have corrupted, and proclaim the healing of the earth, that they may heal the plague, and that all the children of men may not perish through all the secret things that the Watchers have disclosed and have taught their sons. 8. And the whole earth has been corrupted through the works that were taught by Azâzêl: to him ascribe all sin.' 9. And to Gabriel said the Lord: 'Proceed against the bastards and the reprobates, and against the children of fornication: and destroy the children of fornication and the children of the Watchers from amongst men and cause them to go forth : send them one against the other that they may destroy each other in battle: for length of days shall they not have. 10. And no request that they (i.e. their fathers) make of thee shall be granted unto their fathers on their behalf; for they hope to live an eternal life, and that each one of them will live five hundred years.' 11. And the Lord said unto Michael: 'Go, bind Semjâzâ and his associates who have united themselves with women so as to have defiled themselves with them in all their uncleanness. 12. And when their sons have slain one another, and they have seen the destruction of their beloved ones, bind them fast for seventy generations in the valleys of the earth, till the day of their judgement and of their consummation, till the judgement that is for ever and ever is consummated. 13. In those days they shall be led off to the abyss of fire: 〈 and 〉 to the torment and the prison in which they shall be confined for ever. And whosoever shall be condemned and destroyed will from thenceforth be bound together with them to the end of all generations. 15. And destroy all the spirits of the reprobate and the children of the Watchers, because they have wronged mankind. Destroy all wrong from the face of the earth and let every evil work come to an end: and let the plant of righteousness and truth appear: and it shall prove a blessing; the works of righteousness and truth shall be planted in truth and joy for evermore. 17 And then shall all the righteous escape, And shall live till they beget thousands of children, And all the days of their youth and their old age Shall they complete in peace. 18 And then shall the whole earth be tilled in righteousness, and shall all be planted with trees and be full of blessing. 19. And all desirable trees shall be planted on it, and they shall plant vines on it: and the vine which they plant thereon shall yield wine in abundance, and as for all the seed which is sown thereon each measure (of it) shall bear a thousand, and each measure of olives shall yield ten presses of oil. 20. And cleanse thou the earth from all oppression, and from all unrighteousness, and from all sin, and from all godlessness: and all the uncleanness that is wrought upon the earth destroy from off the earth. 21. And all the children of men shall become righteous , and all nations shall offer adoration and shall praise Me, and all shall worship Me. And the earth shall be cleansed from all defilement, and from all sin, and from all punishment, and from all torment, and I will never again send (them) upon it from generation to generation and for ever.",81.33333333333333,104.0,38.66666666666667,21.333333333333332,18.666666666666668,16.0,4.0,30.666666666666664,13.333333333333334,2.6666666666666665,4.0,2.6666666666666665,4.0,4.0,18.666666666666668,17.333333333333332,8.0,10.666666666666666,6.666666666666667,13.333333333333334,9.333333333333334,0.0,2.6666666666666665,12.0,0.0,6.666666666666667,34.666666666666664,1.3333333333333333,1.3333333333333333,2.6666666666666665,14.666666666666666,0.0,0.0,0.0,6.666666666666667,17.333333333333332,0.0,1.3333333333333333,1.3333333333333333,0.0,0.0,0.0,0.0,1.3333333333333333,4.0,0.0,0.0,5.333333333333333,1.3333333333333333,0.0,0.0,6.666666666666667,0.0,1.3333333333333333,1.3333333333333333,0.0,1.3333333333333333,0.0,0.0,0.0,1.3333333333333333,2.6666666666666665,0.0,0.0,8.0,0.0,0.0,0.0,0.0,0.0,1.3333333333333333,1.3333333333333333,0.0,0.0,0.0,1.3333333333333333,0.0,0.0,0.0,0.0,1.3333333333333333,0.0,0.0,0.0,1.3333333333333333,0.0,0.0,0.0,0.0,2.6666666666666665,1.3333333333333333,0.0,0.0,0.0,0.0,0.0,0.0,0.0,0.0,4.0,0.0,2.6666666666666665,0.0,0.0,0.0,17.441860465116278,17.55562895958378,4.237333333333333,0.33466666666666667,9.16522412891978,750,0,2.6666666666666665,0.0,37.333333333333336,0.02894736842105263,0.13026315789473683,0.02631578947368421,0.0881578947368421,0.10263157894736842,0.12894736842105264,0.0,0.17763157894736842,0.025,0.009210526315789473,0.09868421052631579,0.030263157894736843,0.02631578947368421,0.11842105263157894,50.0
1_enoch,ch14_throne_vision,Enoch's throne-vision -- apocalyptic narrative,"CHAPTER XIV. 1. The book of the words of righteousness, and of the reprimand of the eternal Watchers in accordance with the command of the Holy Great One in that vision. 2. I saw in my sleep what I will now say with a tongue of flesh and with the breath of my mouth: which the Great One has given to men to converse therewith and understand with the heart. 3. As He has created and given to man the power of understanding the word of wisdom, so hath He created me also and given me the power of reprimanding the Watchers, the children of heaven. 4. I wrote out your petition, and in my vision it appeared thus, that your petition will not be granted unto you throughout all the days of eternity, and that judgement has been finally passed upon you: yea (your petition) will not be granted unto you . 5. And from henceforth you shall not ascend into heaven unto all eternity, and in bonds of the earth the decree has gone forth to bind you for all the days of the world. 6. And (that) previously you shall have seen the destruction of your beloved sons and ye shall have no pleasure in them, but they shall fall before you by the sword. 7. And your petition on their behalf shall not be granted, nor yet on your own: even though you weep and pray and speak all the words contained in the writing which I have written. 8. And the vision was shown to me thus: Behold, in the vision clouds invited me and a mist summoned me, and the course of the stars and the lightnings sped and hastened me, and the winds in the vision caused me to fly and lifted me upward, and bore me into heaven. 9. And I went in till I drew nigh to a wall which is built of crystals and surrounded by tongues of fire: and it began to affright me. And I went into the tongues of fire and drew nigh to a large house which was built of crystals: and the walls of the house were like a tesselated floor (made) of crystals, and its groundwork was of crystal. 11. Its ceiling was like the path of the stars and the lightnings, and between them were fiery cherubim, and their heaven was (clear as) water. 12. A flaming fire surrounded the walls, and its portals blazed with fire. 13. And I entered into that house, and it was hot as fire and cold as ice: there were no delights of life therein: fear covered me, and trembling got hold upon me. 14. And as I quaked and trembled, I fell upon my face. 15. And I beheld a vision, And lo! there was a second house, greater than the former, and the entire portal stood open before me, and it was built of flames of fire. 16. And in every respect it so excelled in splendour and magnificence and extent that I cannot describe to you its splendour and its extent. 17. And its floor was of fire, and above it were lightnings and the path of the stars, and its ceiling also was flaming fire. 18. And I looked and saw therein a lofty throne: its appearance was as crystal, and the wheels thereof as the shining sun, and there was the vision of cherubim. 19. And from underneath the throne came streams of flaming fire so that I could not look thereon. 20. And the Great Glory sat thereon, and His raiment shone more brightly than the sun and was whiter than any snow. 21. None of the angels could enter and could behold His face by reason of the magnificence and glory and no flesh could behold Him. 22. The flaming fire was round about Him, and a great fire stood before Him, and none around could draw nigh Him: ten thousand times ten thousand (stood) before Him, yet He needed no counselor. 23. And the most holy ones who were nigh to Him did not leave by night nor depart from Him. 24. And until then I had been prostrate on my face, trembling: and the Lord called me with His own mouth, and said to me: 'Come hither, Enoch, and hear my word.' 25. And one of the holy ones came to me and waked me , and He made me rise up and approach the door: and I bowed my face downwards.",74.17582417582418,101.64835164835165,46.7032967032967,17.857142857142858,9.615384615384617,16.483516483516485,5.4945054945054945,6.868131868131868,1.3736263736263736,4.120879120879121,4.120879120879121,21.978021978021978,13.736263736263735,8.241758241758243,4.120879120879121,1.3736263736263736,8.241758241758243,1.3736263736263736,8.241758241758243,9.615384615384617,2.7472527472527473,1.3736263736263736,9.615384615384617,4.120879120879121,19.230769230769234,5.4945054945054945,5.4945054945054945,9.615384615384617,0.0,24.725274725274723,2.7472527472527473,1.3736263736263736,12.362637362637361,0.0,4.120879120879121,4.120879120879121,0.0,6.868131868131868,5.4945054945054945,0.0,0.0,0.0,0.0,0.0,1.3736263736263736,1.3736263736263736,1.3736263736263736,4.120879120879121,4.120879120879121,0.0,0.0,4.120879120879121,1.3736263736263736,4.120879120879121,5.4945054945054945,1.3736263736263736,1.3736263736263736,2.7472527472527473,1.3736263736263736,5.4945054945054945,0.0,5.4945054945054945,0.0,0.0,0.0,0.0,0.0,1.3736263736263736,0.0,1.3736263736263736,5.4945054945054945,2.7472527472527473,0.0,0.0,1.3736263736263736,0.0,0.0,8.241758241758243,0.0,0.0,1.3736263736263736,0.0,0.0,1.3736263736263736,1.3736263736263736,2.7472527472527473,0.0,0.0,0.0,0.0,0.0,0.0,0.0,2.7472527472527473,0.0,2.7472527472527473,0.0,0.0,1.3736263736263736,0.0,0.0,0.0,0.0,0.0,1.3736263736263736,14.27450980392157,15.638161507924872,4.087912087912088,0.37637362637362637,10.155115638257087,728,0,21.978021978021978,0.0,10.989010989010989,0.029216467463479414,0.13280212483399734,0.029216467463479414,0.05976095617529881,0.10358565737051793,0.10092961487383798,0.0013280212483399733,0.18326693227091634,0.029216467463479414,0.014608233731739707,0.13280212483399734,0.02656042496679947,0.014608233731739707,0.1301460823373174,0.0
1_enoch,ch94_woes,'Woes for the Sinners' -- parallel structure to Isaiah 5's woe oracles,"XCIV. 6-11. Woes for the Sinners . 6. Woe to those who build unrighteousness and oppression And lay deceit as a foundation; For they shall be suddenly overthrown, And they shall have no peace. 7. Woe to those who build their houses with sin; For from all their foundations shall they be overthrown, And by the sword shall they fall. And those who acquire gold and silver in judgement suddenly shall perish. 8. Woe to you, ye rich, for ye have trusted in your riches, And from your riches shall ye depart, Because ye have not remembered the Most High in the days of your riches. 9. Ye have committed blasphemy and unrighteousness, And have become ready for the day of slaughter, And the day of darkness and the day of the great judgement. 10. Thus I speak and declare unto you: He who hath created you will overthrow you, And for your fall there shall be no compassion, And your Creator will rejoice at your destruction. 11. And your righteous ones in those days shall be A reproach to the sinners and the godless.",56.497175141242934,90.3954802259887,22.598870056497177,22.598870056497177,0.0,22.598870056497177,5.649717514124294,45.19774011299435,33.898305084745765,5.649717514124294,0.0,5.649717514124294,11.299435028248588,5.649717514124294,22.598870056497177,22.598870056497177,0.0,0.0,5.649717514124294,0.0,0.0,0.0,5.649717514124294,28.248587570621467,0.0,0.0,5.649717514124294,0.0,0.0,0.0,11.299435028248588,28.248587570621467,22.598870056497177,0.0,11.299435028248588,11.299435028248588,0.0,0.0,5.649717514124294,0.0,0.0,0.0,0.0,0.0,0.0,0.0,0.0,0.0,0.0,0.0,5.649717514124294,0.0,0.0,5.649717514124294,11.299435028248588,0.0,0.0,0.0,0.0,0.0,5.649717514124294,0.0,0.0,0.0,0.0,0.0,0.0,0.0,0.0,0.0,0.0,0.0,0.0,0.0,5.649717514124294,0.0,0.0,39.54802259887006,0.0,0.0,22.598870056497177,0.0,0.0,0.0,0.0,0.0,0.0,0.0,0.0,0.0,0.0,0.0,0.0,0.0,0.0,0.0,0.0,0.0,0.0,0.0,0.0,0.0,0.0,0.0,0.0,9.833333333333334,11.126794486983012,4.451977401129944,0.4745762711864407,6.313826635223762,177,0,90.3954802259887,0.0,56.497175141242934,0.016216216216216217,0.12432432432432433,0.021621621621621623,0.10270270270270271,0.08648648648648649,0.08648648648648649,0.0,0.21621621621621623,0.016216216216216217,0.005405405405405406,0.15675675675675677,0.02702702702702703,0.016216216216216217,0.0972972972972973,0.0
sibylline_oracles,book1_creation,creation of the world and the Fall -- narrative,"BEGINNING with the generation first Of mortal men down to the very last I'll prophesy each thing: what erst has been, And what is now, and what shall yet befall 5 The world through the impiety of men. First now God urges on me to relate Truly how into being came the world. And thou, shrewd mortal, prudently make known, Lest ever thou should'st my commands neglect, 10 The King most high, who brought into existence The whole world, saying, ""Let there be,"" and there was. For he the earth established, placing it Round about Tartarus, and he himself (1-10.) Gave the sweet light; he raised the heaven on high, 15 Spread out the gleaming sea, and crowned the sky With an abundance of bright-shining stars, And decked the earth with plants, and mingled sea With rivers, and the air with zephyrs mixed And watery clouds; and then, another race 20 Appointing, he gave fishes to the seas And birds unto the winds, and to the woods The beasts of shaggy neck, and snakes that crawl, And all things which now on the earth appear. These by his word he made, and every thing 25 Was speedily and with precision done; For he was self-caused and from heaven looked down And finished was the world exceeding well. And then thereafter fashioned he again A living product, copying a new man 30 From his own image, beautiful, divine, And bade him in ambrosial garden dwell, That labors beautiful might be his care. But in that fertile field of Paradise He longed for conversation, being alone, 35 And prayed that he might see another form Such as he had. And forthwith, from man's side Taking a bone, God himself made fair Eve, A wedded spouse, and in that Paradise Gave her to dwell with him. And, when he gazed 40 Upon her, on a sudden filled with joy Great admiration held his soul, he saw A pattern so exact; and with wise words Spontaneous flowing answered he in turn For God had care for all things. For the mind 45 They darkened not with passion, nor concealed Their nakedness, but with hearts far from evil (11-36.) Even like wild beasts they walked with limbs exposed. And afterwards delivering them commands God showed them not to touch a certain tree; 50 But the dread serpent drew them off by guile To go away unto the fate of death And to gain knowledge of both good and evil. But the wife then first traitress proved to God; She gave, and urged the unknowing man to sin. 55 And he, persuaded by the woman's words, Forgot the immortal Maker utterly, And treated plain commandments with neglect. Therefore, instead of good, received they evil According to their deed. And then the leaves",61.53846153846154,72.52747252747254,17.582417582417584,24.175824175824175,10.989010989010989,8.791208791208792,30.76923076923077,2.197802197802198,13.186813186813186,4.395604395604396,8.791208791208792,0.0,15.384615384615385,4.395604395604396,4.395604395604396,6.593406593406593,2.197802197802198,2.197802197802198,28.57142857142857,4.395604395604396,6.593406593406593,8.791208791208792,2.197802197802198,0.0,8.791208791208792,2.197802197802198,4.395604395604396,2.197802197802198,4.395604395604396,2.197802197802198,4.395604395604396,0.0,0.0,0.0,0.0,8.791208791208792,0.0,0.0,6.593406593406593,0.0,4.395604395604396,2.197802197802198,0.0,2.197802197802198,8.791208791208792,2.197802197802198,0.0,2.197802197802198,2.197802197802198,0.0,0.0,8.791208791208792,6.593406593406593,4.395604395604396,0.0,4.395604395604396,6.593406593406593,0.0,0.0,0.0,0.0,4.395604395604396,0.0,0.0,0.0,4.395604395604396,0.0,0.0,2.197802197802198,4.395604395604396,2.197802197802198,2.197802197802198,0.0,0.0,0.0,0.0,0.0,0.0,0.0,0.0,2.197802197802198,0.0,0.0,0.0,2.197802197802198,0.0,2.197802197802198,2.197802197802198,0.0,0.0,4.395604395604396,2.197802197802198,0.0,2.197802197802198,0.0,2.197802197802198,0.0,0.0,0.0,0.0,0.0,2.197802197802198,0.0,0.0,0.0,19.782608695652176,10.697242723728351,4.421978021978022,0.567032967032967,12.09522655821318,455,0,4.395604395604396,0.0,2.197802197802198,0.07399577167019028,0.11839323467230443,0.06553911205073996,0.03171247357293869,0.0824524312896406,0.09302325581395349,0.0,0.19027484143763213,0.03171247357293869,0.021141649048625793,0.09936575052854123,0.02959830866807611,0.016913319238900635,0.14587737843551796,0.0
sibylline_oracles,book1_prophecy_of_christ,the 'Prophecy of Christ' section -- third-person future-tense messianic oracle,"Then also shall a child of the great God Come, clothed in flesh, to men, and fashioned like 395 To mortals in the earth; and he doth hear (304-326.) Four vowels, and two consonants in him Are twice announced; the whole sum I will name: For eight ones, and as many tens on these, And yet eight hundred will reveal the name 400 To men insatiate; and do thou discern In thine own understanding that the Christ Is child of the immortal God most high. And he shall fulfill God's law, not destroy, Bearing his very image, and all things 405 Shall he teach. Unto him shall priests convey And offer gold, and myrrh, and frankincense; For all these things he'll also bring to pass. But when a voice shall through the desert land Come bearing tidings to men, and to all 410 Shall call to make straight paths, and from the heart Cast wickedness out and illuminate With water all the bodies of mankind, That being born again they may no more From what is righteous go at all astray-- 415 And one of barbarous mind, by dances bound, Cutting that (voice) off shall bestow reward-- (326-343.) Then on a sudden there shall be a sign To mortals, when, watched over, there shall come Out of the land of Egypt a fair stone; 420 And on it shall the Hebrew people stumble; But by his guiding nations shall be brought Together; for the God who rules on high They also shall know through him, and the way In common light. For unto chosen men 425 Will he show life eternal, but the fire Will be for ages on the lawless bring. And then shall he the sickly heal, and all Who are blameworthy who shall trust in him.. And then the blind shall see, the lame shall walk, 430 The deaf shall hearken, and the dumb shall speak. Demons shall he drive out, and of the dead There shall be an uprising; on the waves Shall he walk; also in a desert place Shall he five thousand satisfy with food 435 From five loaves and a fish out of the sea, And with the remnants of them, for the hope Of peoples, shall he fill twelve baskets full.",67.93478260869564,65.21739130434783,27.17391304347826,21.73913043478261,8.152173913043478,19.021739130434785,24.456521739130437,62.5,16.304347826086957,5.434782608695652,5.434782608695652,2.717391304347826,19.021739130434785,2.717391304347826,10.869565217391305,5.434782608695652,2.717391304347826,5.434782608695652,8.152173913043478,10.869565217391305,2.717391304347826,8.152173913043478,2.717391304347826,0.0,0.0,0.0,16.304347826086957,0.0,2.717391304347826,0.0,0.0,0.0,0.0,0.0,10.869565217391305,8.152173913043478,5.434782608695652,0.0,5.434782608695652,0.0,0.0,0.0,0.0,5.434782608695652,10.869565217391305,10.869565217391305,0.0,0.0,0.0,0.0,2.717391304347826,16.304347826086957,2.717391304347826,8.152173913043478,2.717391304347826,0.0,0.0,10.869565217391305,2.717391304347826,0.0,0.0,0.0,0.0,0.0,2.717391304347826,0.0,2.717391304347826,0.0,0.0,0.0,0.0,0.0,0.0,0.0,0.0,0.0,0.0,0.0,0.0,0.0,8.152173913043478,0.0,0.0,0.0,0.0,0.0,0.0,0.0,0.0,0.0,0.0,0.0,0.0,2.717391304347826,0.0,0.0,0.0,0.0,0.0,0.0,0.0,5.434782608695652,2.717391304347826,0.0,0.0,19.36842105263158,14.488509154047742,4.122282608695652,0.5135869565217391,9.852306064196783,368,0,5.434782608695652,0.0,73.36956521739131,0.06527415143603134,0.1409921671018277,0.044386422976501305,0.09921671018276762,0.07049608355091384,0.09921671018276762,0.0,0.1801566579634465,0.06005221932114883,0.010443864229765013,0.08877284595300261,0.028720626631853787,0.005221932114882507,0.10704960835509138,0.0
sibylline_oracles,book3_oracle_against_idolatry,the Sibyl's own first-person oracle proclamation against idolatry,"O THOU high-thundering blessed heavenly One, Who hast set in their place the cherubim, I, who have uttered what is all too true, Entreat thee, let me have a little rest; 5 For my heart has grown weary from within. But why again leaps my heart, and my soul With a whip smitten from within constrained To utter forth its message unto all? But yet again will I proclaim all things 10 Which God commands me to proclaim to men. O men, that in your image have a form Fashioned of God, why do ye vainly stray (1-9.) And walk not in the straight way, always mindful Of the immortal Maker? God is one, 15 Sovereign, ineffable, dwelling in heaven, The self-existent and invisible, Himself alone beholding everything; Him sculptor's hand made not, nor is his form Shown by man's art from gold or ivory; 20 But he, eternal Lord, proclaims himself As one who is and was erst and shall be Again hereafter. For who being mortal Can see God with his eyes? Or who shall bear To hear the only name of heaven's great God, 25 The ruler of the world? He by his word Created all things, even heaven and sea, And tireless sun, and full moon and bright stars, And mighty mother Tethys, springs and rivers, Imperishable fire, and days and nights. 30",31.531531531531527,58.55855855855856,18.01801801801802,18.01801801801802,4.504504504504505,18.01801801801802,9.00900900900901,9.00900900900901,9.00900900900901,4.504504504504505,13.513513513513514,9.00900900900901,13.513513513513514,9.00900900900901,4.504504504504505,0.0,0.0,18.01801801801802,9.00900900900901,4.504504504504505,0.0,13.513513513513514,4.504504504504505,13.513513513513514,4.504504504504505,4.504504504504505,18.01801801801802,13.513513513513514,4.504504504504505,9.00900900900901,4.504504504504505,4.504504504504505,0.0,0.0,4.504504504504505,13.513513513513514,0.0,0.0,9.00900900900901,0.0,0.0,0.0,9.00900900900901,0.0,0.0,0.0,0.0,0.0,0.0,0.0,0.0,0.0,4.504504504504505,0.0,0.0,0.0,0.0,0.0,0.0,0.0,0.0,0.0,0.0,4.504504504504505,0.0,0.0,4.504504504504505,0.0,0.0,0.0,4.504504504504505,0.0,0.0,4.504504504504505,0.0,4.504504504504505,0.0,4.504504504504505,0.0,0.0,22.52252252252252,0.0,0.0,0.0,0.0,0.0,0.0,0.0,0.0,0.0,0.0,0.0,0.0,4.504504504504505,0.0,4.504504504504505,0.0,0.0,0.0,0.0,0.0,0.0,0.0,0.0,0.0,17.076923076923077,8.570625490696413,4.247747747747748,0.6576576576576577,9.798878406124755,222,0,18.01801801801802,0.0,13.513513513513514,0.08583690987124463,0.09871244635193133,0.05150214592274678,0.060085836909871244,0.0815450643776824,0.05150214592274678,0.008583690987124463,0.18025751072961374,0.04721030042918455,0.034334763948497854,0.11158798283261803,0.07296137339055794,0.012875536480686695,0.10300429184549356,0.0
sibylline_oracles,book3_woe_babylon,'Woe on Babylon' -- direct second-person judgment address,"How many lamentable sufferings 370 The Immortal purposed upon Babylon Because she his great temple had destroyed. Alas, alas for thee! O Babylon, And for the offspring of the Assyrian men! Through all the earth the rush of sinful men 375 Shall some time come, and shout of mortal men And stroke of the great God, who inspires songs, Shall ruin every land. For high in air to thee O Babylon, shall it come from above, And out of heaven from holy ones to thee 380 Shall it come down, and the soul in thy children Shall the Eternal utterly destroy. And then shalt thou be, as thou wast before, As one not born; and then shalt thou be filled Again with blood, as thou thyself before 385 Didst shed that of good, just, and holy men, Whose blood yet cries out to the lofty heaven.",63.38028169014084,56.33802816901409,42.25352112676056,21.12676056338028,7.042253521126761,14.084507042253522,0.0,35.21126760563381,21.12676056338028,0.0,7.042253521126761,0.0,0.0,7.042253521126761,14.084507042253522,0.0,14.084507042253522,0.0,7.042253521126761,0.0,0.0,0.0,21.12676056338028,0.0,0.0,0.0,7.042253521126761,0.0,28.169014084507044,0.0,0.0,0.0,0.0,0.0,0.0,14.084507042253522,0.0,0.0,0.0,0.0,0.0,7.042253521126761,0.0,0.0,14.084507042253522,14.084507042253522,0.0,7.042253521126761,0.0,0.0,0.0,0.0,0.0,0.0,0.0,0.0,0.0,0.0,0.0,14.084507042253522,7.042253521126761,0.0,0.0,0.0,0.0,0.0,0.0,0.0,0.0,7.042253521126761,0.0,0.0,0.0,0.0,0.0,21.12676056338028,7.042253521126761,0.0,0.0,0.0,7.042253521126761,0.0,7.042253521126761,0.0,7.042253521126761,0.0,0.0,0.0,0.0,0.0,0.0,0.0,0.0,7.042253521126761,0.0,0.0,0.0,0.0,0.0,0.0,0.0,7.042253521126761,0.0,0.0,0.0,20.285714285714285,11.658403293201808,4.197183098591549,0.6056338028169014,7.216959681351526,142,0,56.33802816901409,14.084507042253522,35.21126760563381,0.0821917808219178,0.1506849315068493,0.0547945205479452,0.0547945205479452,0.0547945205479452,0.08904109589041095,0.02054794520547945,0.17123287671232876,0.03424657534246575,0.0136986301369863,0.0684931506849315,0.0821917808219178,0.03424657534246575,0.08904109589041095,0.0
bahman_yasht,ch1_zoroaster_dream,"Zoroaster's dream of the four-branched tree, and his report of it -- narrative","1. As it is declared by the Stû d gar Nask that paragraph continues Zaratû s t asked for immortality from Aûharmazd, then Aûharmazd displayed the omniscient wisdom to Zaratû s t, and through it he beheld the root of a tree, on which were four branches, one golden, one of silver, one of steel, and one was mixed up with iron. 2. Thereupon he reflected in this way , that this was seen in a dream, and when he arose from sleep Zaratû s t spoke thus: 'Lord of the spirits and earthly existences! it appears that I saw the root of a tree, on which were four branches.'",45.87155963302752,36.69724770642202,45.87155963302752,9.174311926605505,27.522935779816514,18.34862385321101,27.522935779816514,0.0,9.174311926605505,0.0,0.0,9.174311926605505,45.87155963302752,0.0,0.0,0.0,27.522935779816514,9.174311926605505,9.174311926605505,0.0,0.0,0.0,9.174311926605505,0.0,18.34862385321101,18.34862385321101,0.0,0.0,0.0,0.0,0.0,0.0,0.0,18.34862385321101,0.0,18.34862385321101,0.0,18.34862385321101,9.174311926605505,0.0,0.0,0.0,0.0,9.174311926605505,9.174311926605505,0.0,9.174311926605505,0.0,0.0,0.0,0.0,18.34862385321101,0.0,0.0,0.0,0.0,0.0,0.0,0.0,0.0,0.0,0.0,0.0,0.0,0.0,0.0,0.0,0.0,0.0,0.0,0.0,0.0,0.0,0.0,0.0,0.0,0.0,0.0,0.0,0.0,0.0,0.0,0.0,0.0,0.0,0.0,0.0,0.0,0.0,0.0,0.0,0.0,0.0,0.0,0.0,0.0,0.0,0.0,0.0,0.0,0.0,9.174311926605505,0.0,0.0,0.0,18.166666666666668,23.003019125516737,3.944954128440367,0.6146788990825688,6.417436110981714,109,0,0.0,0.0,0.0,0.01834862385321101,0.1559633027522936,0.027522935779816515,0.045871559633027525,0.03669724770642202,0.09174311926605505,0.0,0.2018348623853211,0.05504587155963303,0.027522935779816515,0.09174311926605505,0.08256880733944955,0.03669724770642202,0.11009174311926606,0.0
bahman_yasht,ch1_ahuramazda_oracle,Ahura Mazda's first-person prophecy of the four ages,"3. Aûharmazd spoke to Zaratû s t the Spîtâmân thus: 'That root of a tree which thou sawest, and those four branches, are the four periods which will come. 4. That of gold is when I and thou converse, and King Vi s tâsp shall accept the religion, and shall demolish the figures of the demons, but they themselves remain for . . . . concealed proceedings. 5. And that of silver is the reign of Ar d akhshîr the Kayân king (Kaî shah), and that of steel is the reign of the glorified (anôshak-rûbân) Khûsrô son of Kêvâ d , and that which was mixed with iron is the evil sovereignty of the demons with dishevelled hair of the race of Wrath , and when it is the end of the tenth hundredth winter (satô zim) of thy millennium, O Zaratû s t the Spîtâmân!'",98.0392156862745,52.287581699346404,84.9673202614379,6.5359477124183005,32.67973856209151,0.0,0.0,13.071895424836601,6.5359477124183005,0.0,0.0,6.5359477124183005,13.071895424836601,0.0,0.0,6.5359477124183005,6.5359477124183005,32.67973856209151,13.071895424836601,0.0,0.0,6.5359477124183005,0.0,0.0,6.5359477124183005,19.607843137254903,0.0,0.0,13.071895424836601,0.0,0.0,0.0,0.0,0.0,6.5359477124183005,0.0,6.5359477124183005,0.0,0.0,0.0,0.0,0.0,0.0,13.071895424836601,0.0,0.0,0.0,0.0,0.0,0.0,0.0,0.0,0.0,0.0,0.0,0.0,0.0,0.0,0.0,0.0,0.0,0.0,0.0,0.0,0.0,0.0,0.0,0.0,0.0,0.0,0.0,0.0,0.0,0.0,0.0,0.0,6.5359477124183005,0.0,0.0,0.0,0.0,0.0,0.0,0.0,0.0,0.0,0.0,0.0,0.0,0.0,0.0,0.0,0.0,0.0,0.0,0.0,0.0,0.0,0.0,0.0,0.0,0.0,0.0,0.0,0.0,19.125,28.9285218253543,3.588235294117647,0.5620915032679739,6.952687917708213,153,0,19.607843137254903,6.5359477124183005,19.607843137254903,0.0425531914893617,0.12056737588652482,0.0070921985815602835,0.07801418439716312,0.06382978723404255,0.1276595744680851,0.0070921985815602835,0.22695035460992907,0.014184397163120567,0.014184397163120567,0.07801418439716312,0.10638297872340426,0.02127659574468085,0.07092198581560284,0.0
bahman_yasht,final_resurrection_oracle,"Ahura Mazda's first-person eschatological resurrection/renovation oracle, the book's climax","58. ‘And, afterwards, the water, fire, and vegetation stand before Aûharmazd the lord in lamentation, and make this complaint: ""Make Frê d ûn alive again! so that he may destroy A z -i Dahâk; for if thou, O Aûharmazd! dost not do this, we cannot exist in the world; the fire says thus: I will not heat; and the water says thus: I will not flow."" 59. ‘And then I, Aûharmazd the creator, say to Srôsh and Nêryôsang the angel: ""Shake the body of Keresâsp the Sâmân, till he rises up!"" 60. 'Then Srôsh and Nêryôsang the angel go to Keresâsp ; three times they utter a cry, and the fourth time Sâm rises up with triumph, and goes to meet A z -i Dahâk. 61. And Sâm does not listen to his words, and the triumphant club strikes him on the head, and smites and kills him ; afterwards, desolation and adversity depart from this world, while I make a beginning of the millennium . 62. Then Sôshyans makes the creatures again pure, and the resurrection and future existence occur.' 63. May the end be in peace, pleasure, and joy, by the will of God (yazdânŏ)! so may it be! even more so may it be!",82.94930875576037,78.34101382488478,13.82488479262673,18.433179723502302,4.608294930875576,13.82488479262673,9.216589861751151,0.0,4.608294930875576,0.0,4.608294930875576,27.64976958525346,32.25806451612903,18.433179723502302,13.82488479262673,4.608294930875576,9.216589861751151,0.0,4.608294930875576,9.216589861751151,0.0,0.0,0.0,0.0,0.0,0.0,0.0,0.0,4.608294930875576,0.0,0.0,0.0,0.0,13.82488479262673,13.82488479262673,4.608294930875576,0.0,0.0,4.608294930875576,4.608294930875576,0.0,0.0,0.0,0.0,13.82488479262673,0.0,9.216589861751151,0.0,13.82488479262673,4.608294930875576,0.0,4.608294930875576,0.0,0.0,0.0,0.0,0.0,0.0,4.608294930875576,4.608294930875576,0.0,0.0,0.0,0.0,18.433179723502302,0.0,4.608294930875576,0.0,0.0,0.0,0.0,0.0,0.0,0.0,0.0,0.0,0.0,0.0,0.0,0.0,0.0,0.0,0.0,0.0,0.0,0.0,0.0,0.0,0.0,0.0,0.0,0.0,0.0,0.0,0.0,0.0,0.0,4.608294930875576,0.0,0.0,0.0,0.0,0.0,0.0,0.0,10.333333333333334,9.35202210542284,3.6359447004608296,0.5299539170506913,7.806708682974503,217,0,4.608294930875576,0.0,13.82488479262673,0.024390243902439025,0.08292682926829269,0.06341463414634146,0.05853658536585366,0.08292682926829269,0.11707317073170732,0.004878048780487805,0.18048780487804877,0.03414634146341464,0.02926829268292683,0.06829268292682927,0.1073170731707317,0.024390243902439025,0.12195121951219512,0.0
